,BS_plot,SampleYear,p_ram,group,elevation,slope,dead_live_ratio,SE Class,stem_count,fire_presence,total volume per plot (500m2)
0,BS002,2006,1,control,359,33,0.0625,SESE_D,1,0,
1,BS002,2010,1,control,359,33,0.1875,SESE_D,3,0,0.0
2,BS002,2013,1,control,359,33,0.1111111111111111,SESE_D,2,0,0.0
3,BS002,2018,1,control,359,33,0.17647058823529413,SESE_D,3,0,0.0
4,BS002,2022,1,control,359,33,0.23076923076923078,SESE_D,3,0,1.670235156
5,BS027,2006,1,control,244,41,0.18181818181818182,SESE_D,2,0,
6,BS027,2009,1,control,244,41,0.15384615384615385,SESE_D,2,0,2.448748283
7,BS027,2010,1,control,244,41,0.15384615384615385,SESE_D,2,0,2.4487482839999997
8,BS027,2013,1,control,244,41,0.15384615384615385,SESE_D,2,0,2.6518836639999996
9,BS027,2018,1,control,244,41,0.25,SESE_D,3,0,7.972697393
10,BS027,2022,1,control,244,41,0.25,SESE_D,3,0,11.775860059
11,BS038,2007,1,dolan,553,33,0.22580645161290322,SESE_D,7,0,
12,BS038,2021,1,dolan,553,33,6.666666666666667,SESE_D,20,1,3.83949809
13,BS045,2007,1,dolan_chalk,478,39,0.12,SESE_D,3,0,
14,BS045,2009,1,dolan_chalk,478,39,1.8571428571428572,SESE_D,13,1,3.442813662
15,BS048,2007,0,dolan_chalk,475,20,0.1875,SESE_D,3,0,
16,BS048,2009,0,dolan_chalk,475,20,0.35714285714285715,SESE_D,5,1,0.838234607
17,BS048,2021,0,dolan_chalk,475,20,0.0,SESE_D,0,1,5.1912027290000005
18,BS050,2007,0,dolan_chalk,670,18,0.12162162162162163,SESE_D,9,0,
19,BS050,2009,0,dolan_chalk,670,18,0.7450980392156863,SESE_D,38,1,11.903282587
20,BS050,2021,0,dolan_chalk,670,18,1.7857142857142858,SESE_D,25,1,0.0595725
21,BS052,2007,0,dolan_chalk,541,32,0.24242424242424243,SESE_D,16,0,
22,BS052,2009,0,dolan_chalk,541,32,3.4,SESE_D,34,1,0.888186755
23,BS052,2010,0,dolan_chalk,541,32,3.2222222222222223,SESE_D,29,1,0.8933934139999999
24,BS052,2013,0,dolan_chalk,541,32,0.3617021276595745,SESE_D,17,1,4.132222011
25,BS052,2018,0,dolan_chalk,541,32,0.26229508196721313,SESE_D,16,1,4.664371836
26,BS052,2021,0,dolan_chalk,541,32,5.3,SESE_D,53,1,1.172549182
27,BS053,2007,1,dolan_chalk,317,38,0.42857142857142855,SESE_D,6,0,
28,BS053,2009,1,dolan_chalk,317,38,0.3333333333333333,SESE_D,2,1,29.993038162000005
29,BS053,2010,1,dolan_chalk,317,38,0.06666666666666667,SESE_D,1,1,31.958865571
30,BS053,2013,1,dolan_chalk,317,38,0.034482758620689655,SESE_D,2,1,34.469751174
31,BS053,2018,1,dolan_chalk,317,38,0.015625,SESE_D,1,1,34.424304111
32,BS053,2021,1,dolan_chalk,317,38,5.2,SESE_D,26,1,4.995042109
33,BS058,2007,0,dolan,744,25,0.09558823529411764,SESE_D,13,0,
34,BS058,2009,0,dolan,744,25,0.09375,SESE_D,15,0,0.959726514
35,BS058,2010,0,dolan,744,25,0.08383233532934131,SESE_D,14,0,0.959726514
36,BS058,2013,0,dolan,744,25,0.15,SESE_D,24,0,0.959726514
37,BS058,2018,0,dolan,744,25,0.4122137404580153,SESE_D,54,0,2.679536748
38,BS058,2021,0,dolan,744,25,0.9032258064516129,SESE_D,56,1,0.303839133
39,BS059,2007,0,dolan,630,40,0.14516129032258066,SESE_D,9,0,
40,BS059,2021,0,dolan,630,40,0.28688524590163933,SESE_D,35,1,0.0
41,BS081,2006,1,sober,308,23,0.16216216216216217,SESE_D,6,0,
42,BS081,2018,1,sober,308,23,0.34782608695652173,SESE_D,24,1,4.101016212
43,BS081,2023,1,sober,308,23,0.3235294117647059,SESE_D,22,1,5.455198468
44,BS084,2006,1,sober,432,36,0.0,SESE_D,0,0,
45,BS084,2010,1,sober,432,36,0.17647058823529413,SESE_D,3,0,1.154731964
46,BS084,2013,1,sober,432,36,0.16666666666666666,SESE_D,3,0,2.318745484
47,BS084,2018,1,sober,432,36,0.19148936170212766,SESE_D,9,1,0.874084028
48,BS084,2022,1,sober,432,36,0.09090909090909091,SESE_D,3,1,1.033069037
49,BS086,2006,1,sober,578,28,0.0,SESE_D,0,0,
50,BS086,2018,1,sober,578,28,0.07894736842105263,SESE_D,3,1,0.427917525
51,BS086,2023,1,sober,578,28,0.11538461538461539,SESE_D,3,1,0.605386094
52,BS087,2006,1,control,508,27,0.38095238095238093,SESE_D,8,0,
53,BS098,2007,1,sober,478,39,0.65,SESE_D,13,0,
54,BS098,2018,1,sober,478,39,0.2903225806451613,SESE_D,9,1,2.231441359
55,BS098,2023,1,sober,478,39,0.19047619047619047,SESE_D,8,1,4.861940399
56,BS118,2006,1,sober,412,28,0.0,SESE_D,0,0,
57,BS123,2006,1,sober,293,17,0.0,SESE_D,0,0,
58,BS123,2018,1,sober,293,17,0.75,SESE_D,3,1,0.0
59,BS123,2023,1,sober,293,17,0.25,SESE_D,1,1,0.276682303
60,BS124,2006,1,sober,353,23,0.0,SESE_D,0,0,
61,BS124,2009,1,sober,353,23,0.0625,SESE_D,1,0,0.0
62,BS124,2010,1,sober,353,23,0.0,SESE_D,0,0,0.0
63,BS124,2013,1,sober,353,23,0.0,SESE_D,0,0,0.0
64,BS124,2018,1,sober,353,23,0.7,SESE_D,7,1,0.0
65,BS124,2023,1,sober,353,23,0.1,SESE_D,1,1,0.0
66,BS125,2006,1,control,380,20,0.06818181818181818,SESE_D,3,0,
67,BS129,2006,1,control,340,25,0.0,SESE_D,0,0,
68,BS130,2006,1,control,242,3,0.25,SESE_D,8,0,
69,BS130,2009,1,control,242,3,0.3225806451612903,SESE_D,10,0,1.605690355
70,BS130,2010,1,control,242,3,0.25,SESE_D,8,0,1.593690355
71,BS130,2013,1,control,242,3,0.3333333333333333,SESE_D,10,0,1.785890355
72,BS130,2018,1,control,242,3,0.23333333333333334,SESE_D,7,0,2.380890355
73,BS131,2006,1,control,223,25,0.34375,SESE_D,22,0,
74,BS131,2009,1,control,223,25,0.43548387096774194,SESE_D,27,0,0.477724402
75,BS131,2010,1,control,223,25,0.45901639344262296,SESE_D,28,0,0.477724402
76,BS131,2013,1,control,223,25,0.4166666666666667,SESE_D,25,0,0.477724402
77,BS131,2018,1,control,223,25,0.43636363636363634,SESE_D,24,0,0.477724402
78,BS134,2006,1,sober,513,27,0.1111111111111111,SESE_D,1,0,
79,BS134,2018,1,sober,513,27,0.16,SESE_D,4,1,0.165086767
80,BS134,2023,1,sober,513,27,0.0,SESE_D,0,1,0.336550967
81,BS135,2006,1,sober,433,27,0.3064516129032258,SESE_D,19,0,
82,BS137,2006,1,control,258,18,0.0,SESE_D,0,0,
83,BS140,2007,1,sober,293,15,0.0,SESE_D,0,0,
84,BS140,2009,1,sober,293,15,0.08695652173913043,SESE_D,2,0,0.0
85,BS140,2010,1,sober,293,15,0.08695652173913043,SESE_D,2,0,0.0
86,BS140,2013,1,sober,293,15,0.13043478260869565,SESE_D,3,0,0.483919485
87,BS140,2018,1,sober,293,15,0.625,SESE_D,10,1,10.956978338999999
88,BS140,2022,1,sober,293,15,0.5384615384615384,SESE_D,7,1,11.239798754999999
89,BS147,2006,1,sober,399,36,0.0,SESE_D,0,0,
90,BS147,2009,1,sober,399,36,0.14285714285714285,SESE_D,1,0,7.490675565
91,BS147,2010,1,sober,399,36,0.14285714285714285,SESE_D,1,0,7.490675564
92,BS147,2013,1,sober,399,36,0.14285714285714285,SESE_D,1,0,8.154924588
93,BS147,2018,1,sober,399,36,0.05154639175257732,SESE_D,5,1,1.649620693
94,BS147,2022,1,sober,399,36,0.25,SESE_D,6,1,3.9608157559999997
95,BS151,2006,1,sober,490,10,0.16666666666666666,SESE_D,5,0,
96,BS152,2006,1,sober,389,18,0.019230769230769232,SESE_D,1,0,
97,BS156,2007,1,sober_chalk,403,34,0.5333333333333333,SESE_D,16,0,
98,BS156,2009,1,sober_chalk,403,34,2.0,SESE_D,18,1,5.1454493590000006
99,BS156,2018,1,sober_chalk,403,34,1.4912280701754386,SESE_D,85,1,18.947383717
100,BS157,2007,1,sober_chalk,325,23,0.20454545454545456,SESE_D,9,0,
101,BS160,2007,0,sober_chalk,386,38,0.16666666666666666,SESE_D,2,0,
102,BS160,2009,0,sober_chalk,386,38,0.3333333333333333,SESE_D,3,1,0.205703633
103,BS160,2010,0,sober_chalk,386,38,0.1,SESE_D,4,1,0.205703633
104,BS160,2013,0,sober_chalk,386,38,0.08620689655172414,SESE_D,5,1,1.239865767
105,BS160,2018,0,sober_chalk,386,38,0.5576923076923077,SESE_D,29,1,15.026967417
106,BS160,2022,0,sober_chalk,386,38,0.2,SESE_D,6,1,15.026967417
107,BS165,2007,0,sober_chalk,287,10,0.0625,SESE_D,1,0,
108,BS165,2009,0,sober_chalk,287,10,0.5833333333333334,SESE_D,7,1,3.2100737579999996
109,BS165,2010,0,sober_chalk,287,10,0.5,SESE_D,6,1,3.438517079
110,BS165,2013,0,sober_chalk,287,10,0.4166666666666667,SESE_D,5,1,3.1593509149999996
111,BS165,2018,0,sober_chalk,287,10,0.09090909090909091,SESE_D,1,1,2.3164922270000003
112,BS165,2022,0,sober_chalk,287,10,0.0,SESE_D,0,1,7.897447308000001
113,BS166,2007,0,sober_chalk,352,25,0.0,SESE_D,0,0,
114,BS166,2009,0,sober_chalk,352,25,1.0,SESE_D,6,1,0.0
115,BS166,2018,0,sober_chalk,352,25,0.42857142857142855,SESE_D,3,1,0.0
116,BS166,2023,0,sober_chalk,352,25,0.125,SESE_D,1,1,0.455326731
117,BS167,2007,1,sober_chalk,409,36,0.10526315789473684,SESE_D,2,0,
118,BS168,2007,1,sober_chalk,317,35,0.0,SESE_D,0,0,
119,BS168,2009,1,sober_chalk,317,35,0.6,SESE_D,3,1,3.082538566
120,BS168,2018,1,sober_chalk,317,35,0.5,SESE_D,2,1,9.788314835
121,BS168,2023,1,sober_chalk,317,35,0.0,SESE_D,0,1,10.052773357000001
122,BS177,2007,1,sober_chalk,540,36,0.11764705882352941,SESE_D,4,0,
123,BS186,2006,1,control,235,22,0.25,SESE_D,5,0,
124,BS187,2006,1,chalk,114,16,0.2631578947368421,SESE_D,5,0,
125,BS187,2009,1,chalk,114,16,1.625,SESE_D,13,1,0.0
126,BS187,2010,1,chalk,114,16,0.36363636363636365,SESE_D,12,1,0.358681916
127,BS187,2013,1,chalk,114,16,0.3541666666666667,SESE_D,17,1,0.358681916
128,BS187,2018,1,chalk,114,16,0.38461538461538464,SESE_D,20,1,0.358681916
129,BS187,2022,1,chalk,114,16,0.2727272727272727,SESE_D,9,1,0.753712646
130,BS190,2006,1,chalk,79,8,0.0,SESE_D,0,0,
131,BS190,2009,1,chalk,79,8,0.2,SESE_D,2,1,24.871448527
132,BS190,2018,1,chalk,79,8,0.3103448275862069,SESE_D,9,1,35.342633453999994
133,BS193,2023,1,sober_chalk,413,27,0.0,SESE_D,0,1,2.006572063
134,BS207,2006,1,control,305,33,0.18888888888888888,SESE_D,17,0,
135,BS210,2007,1,control,25,40,0.34375,SESE_D,11,0,
136,BS219,2006,0,chalk,101,19,0.05405405405405406,SESE_D,2,0,
137,BS219,2009,0,chalk,101,19,0.95,SESE_D,19,1,3.951294964
138,BS221,2006,1,sober_chalk,435,30,0.4,SESE_D,2,0,
139,BS221,2010,1,sober_chalk,435,30,0.09375,SESE_D,3,1,1.823221529
140,BS221,2013,1,sober_chalk,435,30,0.16216216216216217,SESE_D,6,1,4.690603488
141,BS221,2018,1,sober_chalk,435,30,0.875,SESE_D,21,1,0.091277671
142,BS221,2023,1,sober_chalk,435,30,0.08695652173913043,SESE_D,2,1,0.049970958
143,BS222,2006,1,sober_chalk,416,37,0.0,SESE_D,0,0,
144,BS222,2009,1,sober_chalk,416,37,1.6,SESE_D,8,1,15.951751996999999
145,BS224,2007,1,sober_chalk,435,31,0.0,SESE_D,0,0,
146,BS224,2009,1,sober_chalk,435,31,1.4,SESE_D,7,1,0.186977542
147,BS224,2010,1,sober_chalk,435,31,0.6666666666666666,SESE_D,4,1,0.175479313
148,BS224,2013,1,sober_chalk,435,31,0.7142857142857143,SESE_D,5,1,0.288494868
149,BS224,2018,1,sober_chalk,435,31,0.8,SESE_D,4,1,0.160267349
150,BS224,2022,1,sober_chalk,435,31,0.4,SESE_D,2,1,0.431872543
151,BS226,2006,1,sober_chalk,474,38,0.1,SESE_D,6,0,
152,BS226,2009,1,sober_chalk,474,38,5.333333333333333,SESE_D,64,1,3.508870479
153,BS226,2018,1,sober_chalk,474,38,2.103448275862069,SESE_D,61,1,10.124251633999998
154,BS226,2023,1,sober_chalk,474,38,0.45161290322580644,SESE_D,14,1,10.693541602999998
155,BS228,2006,1,sober_chalk,600,40,0.0,SESE_D,0,0,
156,BS239,2006,1,control,88,35,0.0,SESE_D,0,0,
157,BS239,2018,1,control,88,35,0.21052631578947367,SESE_D,4,0,0.18864478499999998
158,BS240,2006,1,sober_chalk,305,39,0.3611111111111111,SESE_D,13,0,
159,BS241,2006,1,sober_chalk,361,39,0.08333333333333333,SESE_D,1,0,
160,BS241,2023,1,sober_chalk,361,39,0.1,SESE_D,1,1,2.968603485
161,BS242,2006,1,sober_chalk,403,39,0.25,SESE_D,3,0,
162,BS242,2009,1,sober_chalk,403,39,1.4,SESE_D,7,1,0.0
163,BS242,2010,1,sober_chalk,403,39,1.2,SESE_D,6,1,0.0
164,BS242,2013,1,sober_chalk,403,39,1.2,SESE_D,6,1,0.525203449
165,BS242,2018,1,sober_chalk,403,39,0.16666666666666666,SESE_D,1,1,3.269396937
166,BS242,2022,1,sober_chalk,403,39,0.16666666666666666,SESE_D,1,1,6.792699053
167,BS243,2006,0,sober_chalk,423,27,0.46153846153846156,SESE_D,6,0,
168,BS244,2006,0,sober_chalk,357,35,0.06976744186046512,SESE_D,3,0,
169,BS244,2009,0,sober_chalk,357,35,0.76,SESE_D,19,1,12.63155768
170,BS244,2010,0,sober_chalk,357,35,0.425,SESE_D,17,1,12.63155768
171,BS244,2013,0,sober_chalk,357,35,0.18571428571428572,SESE_D,13,1,12.762546386
172,BS244,2018,0,sober_chalk,357,35,0.7222222222222222,SESE_D,39,1,19.310048523000003
173,BS244,2023,0,sober_chalk,357,35,0.07894736842105263,SESE_D,3,1,19.431094088000002
174,BS247,2006,0,sober_chalk,570,26,0.3181818181818182,SESE_D,28,0,
175,BS247,2009,0,sober_chalk,570,26,0.8709677419354839,SESE_D,54,1,33.864621291
176,BS247,2010,0,sober_chalk,570,26,0.4811320754716981,SESE_D,51,1,34.163972659
177,BS247,2013,0,sober_chalk,570,26,0.1958041958041958,SESE_D,28,1,32.733673736
178,BS247,2018,0,sober_chalk,570,26,0.859375,SESE_D,110,1,4.114019998
179,BS247,2022,0,sober_chalk,570,26,0.42105263157894735,SESE_D,24,1,3.702439591
180,BS249,2006,1,sober_chalk,580,30,0.013071895424836602,SESE_D,2,0,
181,BS249,2009,1,sober_chalk,580,30,2.806451612903226,SESE_D,87,1,15.689741241
182,BS260,2006,1,control,240,11,0.0,SESE_D,0,0,
183,BS265,2006,0,control,200,20,0.10852713178294573,SESE_D,14,0,
184,BS267,2006,1,control,160,37,0.14285714285714285,SESE_D,4,0,
185,BS276,2006,1,chalk,357,22,0.16666666666666666,SESE_D,4,0,
186,BS276,2009,1,chalk,357,22,2.4285714285714284,SESE_D,17,1,0.760218298
187,BS276,2023,1,chalk,357,22,0.2894736842105263,SESE_D,11,1,0.716307669
188,BS277,2007,1,dolan_chalk,262,44,0.18181818181818182,SESE_D,4,0,
189,BS277,2009,1,dolan_chalk,262,44,3.4,SESE_D,17,1,0.987740293
190,BS277,2021,1,dolan_chalk,262,44,4.5,SESE_D,63,1,0.7725567459999999
191,BS278,2006,1,dolan_chalk,384,41,0.13793103448275862,SESE_D,4,0,
192,BS278,2009,1,dolan_chalk,384,41,5.0,SESE_D,25,1,0.0
193,BS278,2010,1,dolan_chalk,384,41,3.8,SESE_D,19,1,0.0
194,BS278,2013,1,dolan_chalk,384,41,1.7142857142857142,SESE_D,12,1,0.0
195,BS278,2018,1,dolan_chalk,384,41,0.42857142857142855,SESE_D,6,1,0.0
196,BS278,2021,1,dolan_chalk,384,41,4.75,SESE_D,19,1,2.1214632079999998
197,BS279,2006,0,dolan_chalk,256,15,0.16,SESE_D,12,0,
198,BS279,2009,0,dolan_chalk,256,15,2.625,SESE_D,63,1,2.910120107
199,BS279,2021,0,dolan_chalk,256,15,2.7142857142857144,SESE_D,38,1,8.6830343
200,BS281,2006,0,dolan,92,33,0.18487394957983194,SESE_D,22,0,
201,BS283,2006,1,chalk,606,33,0.08333333333333333,SESE_D,1,0,
202,BS283,2009,1,chalk,606,33,3.5,SESE_D,7,1,0.0
203,BS283,2010,1,chalk,606,33,0.1276595744680851,SESE_D,6,1,1.918060125
204,BS283,2013,1,chalk,606,33,0.06779661016949153,SESE_D,4,1,5.180326340000001
205,BS283,2018,1,chalk,606,33,0.21428571428571427,SESE_D,12,1,5.221019782
206,BS283,2022,1,chalk,606,33,0.023809523809523808,SESE_D,1,1,5.221019782
207,BS293,2006,1,control,287,21,0.0,SESE_D,0,0,
208,BS295,2007,1,dolan,150,25,0.8461538461538461,SESE_D,11,0,
209,BS295,2009,1,dolan,150,25,0.8461538461538461,SESE_D,11,0,6.015904259
210,BS295,2010,1,dolan,150,25,1.0,SESE_D,11,0,6.015904259
211,BS295,2013,1,dolan,150,25,0.9166666666666666,SESE_D,11,0,6.04514856
212,BS295,2018,1,dolan,150,25,1.0909090909090908,SESE_D,12,0,6.04514856
213,BS295,2021,1,dolan,150,25,0.7,SESE_D,7,1,1.755125219
214,BS296,2006,0,dolan_chalk,590,40,0.0,SESE_D,0,0,
215,BS296,2009,0,dolan_chalk,590,40,0.0,SESE_D,0,1,0.643084016
216,BS296,2021,0,dolan_chalk,590,40,0.07017543859649122,SESE_D,4,1,3.269701211
217,BS297,2006,1,dolan_chalk,618,30,0.3333333333333333,SESE_D,5,0,
218,BS297,2009,1,dolan_chalk,618,30,2.0,SESE_D,10,1,2.417993545
219,BS297,2010,1,dolan_chalk,618,30,1.6666666666666667,SESE_D,10,1,2.417993545
220,BS297,2013,1,dolan_chalk,618,30,0.8333333333333334,SESE_D,10,1,3.0588990229999995
221,BS297,2018,1,dolan_chalk,618,30,0.3333333333333333,SESE_D,7,1,9.720756725
222,BS297,2021,1,dolan_chalk,618,30,0.6,SESE_D,6,1,0.552958308
223,BS299,2006,0,dolan_chalk,199,40,0.09090909090909091,SESE_D,1,0,
224,BS299,2009,0,dolan_chalk,199,40,0.2,SESE_D,2,1,4.400962901
225,BS299,2021,0,dolan_chalk,199,40,1.8571428571428572,SESE_D,13,1,4.066105998
226,BS301,2006,1,dolan_chalk,510,27,0.15789473684210525,SESE_D,6,0,
227,BS301,2009,1,dolan_chalk,510,27,2.8333333333333335,SESE_D,34,1,0.0
228,BS301,2010,1,dolan_chalk,510,27,1.9444444444444444,SESE_D,35,1,0.128086149
229,BS301,2013,1,dolan_chalk,510,27,1.0344827586206897,SESE_D,30,1,0.796718382
230,BS301,2018,1,dolan_chalk,510,27,0.30952380952380953,SESE_D,13,1,5.976655202
231,BS301,2021,1,dolan_chalk,510,27,2.6363636363636362,SESE_D,29,1,0.48341649600000003
232,BS309,2006,1,dolan_chalk,640,17,0.0,SESE_D,0,0,
233,BS313,2006,1,control,581,20,0.13157894736842105,SESE_D,5,0,
234,BS313,2010,1,control,581,20,0.05660377358490566,SESE_D,3,0,37.976233109000006
235,BS313,2013,1,control,581,20,0.05084745762711865,SESE_D,3,0,38.906092786
236,BS313,2018,1,control,581,20,0.039473684210526314,SESE_D,3,0,40.483122986000005
237,BS313,2022,1,control,581,20,0.08333333333333333,SESE_D,3,0,41.920545157
238,BS338,2006,0,control,599,21,0.2916666666666667,SESE_D,7,0,
239,BS355,2007,0,sober_chalk,470,33,0.1875,SESE_D,6,0,
240,BS355,2009,0,sober_chalk,470,33,2.2857142857142856,SESE_D,16,1,0.16847576
241,BS355,2010,0,sober_chalk,470,33,1.7777777777777777,SESE_D,16,1,0.16847576
242,BS355,2013,0,sober_chalk,470,33,0.5333333333333333,SESE_D,8,1,0.323853356
243,BS355,2018,0,sober_chalk,470,33,0.7058823529411765,SESE_D,12,1,2.472934581
244,BS355,2023,0,sober_chalk,470,33,0.4166666666666667,SESE_D,5,1,2.721801263
245,BS359,2007,0,sober_chalk,717,37,0.28,SESE_D,7,0,
246,BS359,2009,0,sober_chalk,717,37,0.6153846153846154,SESE_D,8,1,0.0
247,BS376,2007,1,control,185,38,0.0,SESE_D,0,0,
248,BS382,2006,1,dolan_chalk,410,39,0.2777777777777778,SESE_D,15,0,
249,BS382,2021,1,dolan_chalk,410,39,0.7868852459016393,SESE_D,48,1,0.331415209
250,BS388,2007,1,dolan,146,24,0.2641509433962264,SESE_D,14,0,
251,BS388,2018,1,dolan,146,24,0.04838709677419355,SESE_D,3,0,4.562418064
252,BS388,2021,1,dolan,146,24,3.3333333333333335,SESE_D,30,1,3.586567676
253,BS389,2006,0,dolan,135,38,0.13636363636363635,SESE_D,3,0,
254,BS389,2021,0,dolan,135,38,4.0,SESE_D,24,1,1.830286932
255,BS390,2007,1,sober_chalk,328,27,0.0,SESE_D,0,0,
256,BS390,2009,1,sober_chalk,328,27,2.0,SESE_D,2,1,1.198154351
257,BS390,2013,1,sober_chalk,328,27,1.0,SESE_D,1,1,0.543750783
258,BS390,2022,1,sober_chalk,328,27,0.5,SESE_D,1,1,2.863861648
259,BS391,2007,1,dolan,203,35,0.07142857142857142,SESE_D,8,0,
260,BS391,2010,1,dolan,203,35,0.08653846153846154,SESE_D,9,0,7.668196720000001
261,BS391,2013,1,dolan,203,35,0.08737864077669903,SESE_D,9,0,6.242549791
262,BS391,2018,1,dolan,203,35,0.12,SESE_D,12,0,6.242549791
263,BS391,2021,1,dolan,203,35,16.5,SESE_D,66,1,5.825086753000001
264,BS392,2007,1,dolan,294,29,0.11627906976744186,SESE_D,20,0,
265,BS392,2009,1,dolan,294,29,0.25142857142857145,SESE_D,44,0,3.473046386
266,BS392,2010,1,dolan,294,29,0.2542372881355932,SESE_D,45,0,3.473046387
267,BS392,2013,1,dolan,294,29,0.20555555555555555,SESE_D,37,0,4.119816905
268,BS392,2018,1,dolan,294,29,0.26666666666666666,SESE_D,44,0,4.119816905
269,BS392,2021,1,dolan,294,29,6.0,SESE_D,72,1,2.274396843
270,BS394,2006,1,dolan,382,30,0.03896103896103896,SESE_D,3,0,
271,BS394,2016,1,dolan,382,30,0.2923076923076923,SESE_D,19,0,0.680098206
272,BS394,2018,1,dolan,382,30,0.3888888888888889,SESE_D,21,0,0.680098206
273,BS394,2021,1,dolan,382,30,3.1666666666666665,SESE_D,38,1,0.0
274,BS407,2006,1,dolan,680,24,0.18181818181818182,SESE_D,6,0,
275,BS407,2009,1,dolan,680,24,0.22,SESE_D,11,0,7.488390569
276,BS407,2010,1,dolan,680,24,0.20408163265306123,SESE_D,10,0,10.423273377000001
277,BS407,2013,1,dolan,680,24,0.1509433962264151,SESE_D,8,0,10.311502383
278,BS407,2018,1,dolan,680,24,0.14516129032258066,SESE_D,9,0,10.009745615
279,BS407,2021,1,dolan,680,24,3.230769230769231,SESE_D,42,1,5.333496927
280,BS412,2006,1,control,209,35,0.75,SESE_D,21,0,
281,BS412,2009,1,control,209,35,0.5833333333333334,SESE_D,21,0,0.0
282,BS412,2010,1,control,209,35,0.40350877192982454,SESE_D,23,0,0.0
283,BS412,2013,1,control,209,35,0.24615384615384617,SESE_D,16,0,0.0
284,BS412,2018,1,control,209,35,0.12359550561797752,SESE_D,11,0,0.0
285,BS412,2022,1,control,209,35,0.11428571428571428,SESE_D,8,0,0.065613144
286,BS416,2007,0,dolan,580,42,0.24074074074074073,SESE_D,13,0,
287,BS416,2010,0,dolan,580,42,0.22972972972972974,SESE_D,17,0,10.8917895
288,BS416,2013,0,dolan,580,42,0.12658227848101267,SESE_D,10,0,10.8917895
289,BS416,2018,0,dolan,580,42,0.09782608695652174,SESE_D,9,0,10.8917895
290,BS416,2021,0,dolan,580,42,2.9473684210526314,SESE_D,56,1,4.283977216
291,BS420,2007,0,dolan_chalk,554,31,0.7407407407407407,SESE_D,20,0,
292,BS420,2009,0,dolan_chalk,554,31,0.8823529411764706,SESE_D,15,1,0.0
293,BS420,2021,0,dolan_chalk,554,31,1.75,SESE_D,14,1,1.93714475
294,BS423,2006,0,dolan_chalk,106,41,0.08888888888888889,SESE_D,4,0,
295,BS423,2009,0,dolan_chalk,106,41,0.7083333333333334,SESE_D,17,1,0.810787002
296,BS423,2021,0,dolan_chalk,106,41,1.6111111111111112,SESE_D,29,1,1.69532576
297,BS426,2006,0,dolan_chalk,226,34,0.14285714285714285,SESE_D,2,0,
298,BS426,2009,0,dolan_chalk,226,34,1.25,SESE_D,10,1,0.423643769
299,BS426,2010,0,dolan_chalk,226,34,0.5882352941176471,SESE_D,10,1,0.24972657399999998
300,BS426,2013,0,dolan_chalk,226,34,0.21212121212121213,SESE_D,7,1,1.8592386130000003
301,BS426,2018,0,dolan_chalk,226,34,0.13513513513513514,SESE_D,5,1,1.5320535190000002
302,BS426,2021,0,dolan_chalk,226,34,3.875,SESE_D,31,1,0.543707586
303,BS429,2007,1,sober,351,35,0.0,SESE_D,0,0,
304,BS429,2009,1,sober,351,35,0.0,SESE_D,0,0,1.945263725
305,BS429,2010,1,sober,351,35,0.0,SESE_D,0,0,3.400752763
306,BS429,2013,1,sober,351,35,0.0,SESE_D,0,0,3.416215601
307,BS429,2018,1,sober,351,35,0.6666666666666666,SESE_D,2,1,9.378417949
308,BS429,2022,1,sober,351,35,0.0,SESE_D,0,1,10.722914714999998
309,BS433,2007,1,sober_chalk,350,34,0.2222222222222222,SESE_D,2,0,
310,BS433,2009,1,sober_chalk,350,34,0.6666666666666666,SESE_D,2,1,0.808830243
311,BS433,2010,1,sober_chalk,350,34,0.6666666666666666,SESE_D,2,1,0.808830243
312,BS433,2013,1,sober_chalk,350,34,0.3333333333333333,SESE_D,1,1,0.941531116
313,BS433,2018,1,sober_chalk,350,34,0.25,SESE_D,1,1,9.006449238
314,BS433,2022,1,sober_chalk,350,34,0.3333333333333333,SESE_D,1,1,11.016309174
315,BS457,2007,1,chalk,443,34,0.35294117647058826,SESE_D,6,0,
316,BS457,2009,1,chalk,443,34,1.3333333333333333,SESE_D,8,1,6.407190841
317,BS457,2010,1,chalk,443,34,1.3333333333333333,SESE_D,8,1,7.323535475
318,BS457,2013,1,chalk,443,34,0.6666666666666666,SESE_D,6,1,8.576149609
319,BS457,2018,1,chalk,443,34,0.14285714285714285,SESE_D,4,1,8.821111369999999
320,BS457,2022,1,chalk,443,34,0.09090909090909091,SESE_D,1,1,5.455406686
321,BS469,2007,1,sober,543,35,0.14285714285714285,SESE_D,1,0,
322,BS474,2006,0,dolan_chalk,289,41,0.13043478260869565,SESE_D,6,0,
323,BS474,2021,0,dolan_chalk,289,41,0.7407407407407407,SESE_D,20,1,0.0
324,BS494,2007,1,control,442,32,0.8181818181818182,SESE_D,9,0,
325,BS494,2010,1,control,442,32,0.6666666666666666,SESE_D,8,0,1.266342894
326,BS494,2013,1,control,442,32,0.46153846153846156,SESE_D,6,0,1.266342894
327,BS494,2018,1,control,442,32,0.2,SESE_D,6,0,1.266342894
328,BS494,2022,1,control,442,32,0.11764705882352941,SESE_D,4,0,1.327668314
329,BS513,2006,1,dolan,310,33,0.0,SESE_D,0,0,
330,BS513,2009,1,dolan,310,33,0.0,SESE_D,0,0,1.641837554
331,BS513,2011,1,dolan,310,33,0.0,SESE_D,0,0,1.620459802
332,BS513,2014,1,dolan,310,33,0.0,SESE_D,0,0,1.992131772
333,BS513,2019,1,dolan,310,33,0.3333333333333333,SESE_D,1,0,4.419982062
334,BS600,2007,1,sober,549,32,0.6,SESE_D,6,0,
335,BS600,2018,1,sober,549,32,0.6666666666666666,SESE_D,4,1,0.0
336,BS600,2023,1,sober,549,32,0.2222222222222222,SESE_D,2,1,3.2609408949999996
337,BS601,2007,1,sober,603,25,0.15384615384615385,SESE_D,2,0,
338,BS601,2009,1,sober,603,25,0.15384615384615385,SESE_D,2,0,3.566594769
339,BS601,2010,1,sober,603,25,0.15384615384615385,SESE_D,2,0,3.566594769
340,BS601,2013,1,sober,603,25,0.08333333333333333,SESE_D,1,0,5.210832657
341,BS601,2018,1,sober,603,25,0.1320754716981132,SESE_D,7,1,0.795474822
342,BS601,2022,1,sober,603,25,0.1724137931034483,SESE_D,5,1,0.795474822
343,BS603,2007,1,sober,491,31,0.0,SESE_D,0,0,
344,BS603,2009,1,sober,491,31,0.1111111111111111,SESE_D,1,0,24.235228421
345,BS603,2010,1,sober,491,31,0.0,SESE_D,0,0,26.906213936999997
346,BS603,2013,1,sober,491,31,0.0,SESE_D,0,0,26.999173671
347,BS603,2018,1,sober,491,31,0.10526315789473684,SESE_D,4,1,2.2552837300000004
348,BS603,2022,1,sober,491,31,0.1,SESE_D,1,1,3.942706422
349,BS604,2007,1,sober,550,33,0.21739130434782608,SESE_D,5,0,
350,BS604,2018,1,sober,550,33,0.034482758620689655,SESE_D,3,1,0.341385093
351,BS605,2007,1,control,119,35,0.6,SESE_D,3,0,
352,BS610,2007,0,dolan_chalk,206,44,0.02631578947368421,SESE_D,1,0,
353,BS610,2009,0,dolan_chalk,206,44,2.3333333333333335,SESE_D,21,1,6.249071146
354,BS610,2021,0,dolan_chalk,206,44,2.0,SESE_D,20,1,3.600068478
355,BS611,2007,1,dolan_chalk,378,35,0.30303030303030304,SESE_D,10,0,
356,BS611,2009,1,dolan_chalk,378,35,1.3571428571428572,SESE_D,19,1,0.900129127
357,BS611,2010,1,dolan_chalk,378,35,0.2153846153846154,SESE_D,14,1,1.741643989
358,BS611,2013,1,dolan_chalk,378,35,0.125,SESE_D,10,1,2.334253952
359,BS611,2018,1,dolan_chalk,378,35,0.2916666666666667,SESE_D,21,1,2.499433083
360,BS611,2021,1,dolan_chalk,378,35,18.333333333333332,SESE_D,55,1,1.340542516
361,BS612,2007,1,dolan_chalk,415,34,0.48333333333333334,SESE_D,29,0,
362,BS612,2009,1,dolan_chalk,415,34,5.0,SESE_D,30,1,1.430852119
363,BS612,2021,1,dolan_chalk,415,34,3.5555555555555554,SESE_D,32,1,0.782757145
364,BS613,2007,1,dolan_chalk,291,40,0.05,SESE_D,1,0,
365,BS613,2009,1,dolan_chalk,291,40,1.2222222222222223,SESE_D,11,1,0.533253937
366,BS613,2018,1,dolan_chalk,291,40,0.07692307692307693,SESE_D,1,1,2.498620662
367,BS613,2021,1,dolan_chalk,291,40,0.17647058823529413,SESE_D,3,1,0.179997551
368,BS620,2007,1,control,284,36,0.07692307692307693,SESE_D,1,0,
369,BS621,2007,1,chalk,218,38,0.5416666666666666,SESE_D,39,0,
370,BS622,2007,1,control,55,38,0.06666666666666667,SESE_D,1,0,
371,BS623,2007,1,control,341,38,0.6666666666666666,SESE_D,6,0,
372,BS624,2007,0,control,435,12,0.24651162790697675,SESE_D,53,0,
373,BS625,2007,1,control,302,0,0.8333333333333334,SESE_D,5,0,
374,BS626,2007,0,control,357,43,0.948051948051948,SESE_D,73,0,
375,BS627,2007,1,chalk,119,28,0.0,SESE_D,0,0,
376,BS627,2009,1,chalk,119,28,1.0,SESE_D,1,1,1.7676324220000001
377,BS629,2007,1,chalk,373,30,0.1111111111111111,SESE_D,3,0,
378,BS629,2009,1,chalk,373,30,0.8333333333333334,SESE_D,15,1,0.723562941
379,BS629,2018,1,chalk,373,30,0.11235955056179775,SESE_D,10,1,3.5249473429999996
380,BS632,2007,0,sober_chalk,499,19,0.19047619047619047,SESE_D,4,0,
381,BS632,2009,0,sober_chalk,499,19,1.0,SESE_D,10,1,16.022526616
382,BS632,2018,0,sober_chalk,499,19,1.027027027027027,SESE_D,38,1,4.12571805
383,BS632,2023,0,sober_chalk,499,19,0.24242424242424243,SESE_D,8,1,4.340840099
384,BS002,2006,1,control,359,33,0.0625,SESE_L,16,0,
385,BS002,2010,1,control,359,33,0.1875,SESE_L,16,0,0.0
386,BS002,2013,1,control,359,33,0.1111111111111111,SESE_L,18,0,0.0
387,BS002,2018,1,control,359,33,0.17647058823529413,SESE_L,17,0,0.0
388,BS002,2022,1,control,359,33,0.23076923076923078,SESE_L,13,0,1.670235156
389,BS027,2006,1,control,244,41,0.18181818181818182,SESE_L,11,0,
390,BS027,2009,1,control,244,41,0.15384615384615385,SESE_L,13,0,2.448748283
391,BS027,2010,1,control,244,41,0.15384615384615385,SESE_L,13,0,2.4487482839999997
392,BS027,2013,1,control,244,41,0.15384615384615385,SESE_L,13,0,2.6518836639999996
393,BS027,2018,1,control,244,41,0.25,SESE_L,12,0,7.972697393
394,BS027,2022,1,control,244,41,0.25,SESE_L,12,0,11.775860059
395,BS038,2007,1,dolan,553,33,0.22580645161290322,SESE_L,31,0,
396,BS038,2021,1,dolan,553,33,6.666666666666667,SESE_L,3,1,3.83949809
397,BS045,2007,1,dolan_chalk,478,39,0.12,SESE_L,25,0,
398,BS045,2009,1,dolan_chalk,478,39,1.8571428571428572,SESE_L,7,1,3.442813662
399,BS048,2007,0,dolan_chalk,475,20,0.1875,SESE_L,16,0,
400,BS048,2009,0,dolan_chalk,475,20,0.35714285714285715,SESE_L,14,1,0.838234607
401,BS048,2021,0,dolan_chalk,475,20,0.0,SESE_L,20,1,5.1912027290000005
402,BS050,2007,0,dolan_chalk,670,18,0.12162162162162163,SESE_L,74,0,
403,BS050,2009,0,dolan_chalk,670,18,0.7450980392156863,SESE_L,51,1,11.903282587
404,BS050,2021,0,dolan_chalk,670,18,1.7857142857142858,SESE_L,14,1,0.0595725
405,BS052,2007,0,dolan_chalk,541,32,0.24242424242424243,SESE_L,66,0,
406,BS052,2009,0,dolan_chalk,541,32,3.4,SESE_L,10,1,0.888186755
407,BS052,2010,0,dolan_chalk,541,32,3.2222222222222223,SESE_L,9,1,0.8933934139999999
408,BS052,2013,0,dolan_chalk,541,32,0.3617021276595745,SESE_L,47,1,4.132222011
409,BS052,2018,0,dolan_chalk,541,32,0.26229508196721313,SESE_L,61,1,4.664371836
410,BS052,2021,0,dolan_chalk,541,32,5.3,SESE_L,10,1,1.172549182
411,BS053,2007,1,dolan_chalk,317,38,0.42857142857142855,SESE_L,14,0,
412,BS053,2009,1,dolan_chalk,317,38,0.3333333333333333,SESE_L,6,1,29.993038162000005
413,BS053,2010,1,dolan_chalk,317,38,0.06666666666666667,SESE_L,15,1,31.958865571
414,BS053,2013,1,dolan_chalk,317,38,0.034482758620689655,SESE_L,58,1,34.469751174
415,BS053,2018,1,dolan_chalk,317,38,0.015625,SESE_L,64,1,34.424304111
416,BS053,2021,1,dolan_chalk,317,38,5.2,SESE_L,5,1,4.995042109
417,BS058,2007,0,dolan,744,25,0.09558823529411764,SESE_L,136,0,
418,BS058,2009,0,dolan,744,25,0.09375,SESE_L,160,0,0.959726514
419,BS058,2010,0,dolan,744,25,0.08383233532934131,SESE_L,167,0,0.959726514
420,BS058,2013,0,dolan,744,25,0.15,SESE_L,160,0,0.959726514
421,BS058,2018,0,dolan,744,25,0.4122137404580153,SESE_L,131,0,2.679536748
422,BS058,2021,0,dolan,744,25,0.9032258064516129,SESE_L,62,1,0.303839133
423,BS059,2007,0,dolan,630,40,0.14516129032258066,SESE_L,62,0,
424,BS059,2021,0,dolan,630,40,0.28688524590163933,SESE_L,122,1,0.0
425,BS081,2006,1,sober,308,23,0.16216216216216217,SESE_L,37,0,
426,BS081,2018,1,sober,308,23,0.34782608695652173,SESE_L,69,1,4.101016212
427,BS081,2023,1,sober,308,23,0.3235294117647059,SESE_L,68,1,5.455198468
428,BS084,2006,1,sober,432,36,0.0,SESE_L,17,0,
429,BS084,2010,1,sober,432,36,0.17647058823529413,SESE_L,17,0,1.154731964
430,BS084,2013,1,sober,432,36,0.16666666666666666,SESE_L,18,0,2.318745484
431,BS084,2018,1,sober,432,36,0.19148936170212766,SESE_L,47,1,0.874084028
432,BS084,2022,1,sober,432,36,0.09090909090909091,SESE_L,33,1,1.033069037
433,BS086,2006,1,sober,578,28,0.0,SESE_L,4,0,
434,BS086,2018,1,sober,578,28,0.07894736842105263,SESE_L,38,1,0.427917525
435,BS086,2023,1,sober,578,28,0.11538461538461539,SESE_L,26,1,0.605386094
436,BS087,2006,1,control,508,27,0.38095238095238093,SESE_L,21,0,
437,BS098,2007,1,sober,478,39,0.65,SESE_L,20,0,
438,BS098,2018,1,sober,478,39,0.2903225806451613,SESE_L,31,1,2.231441359
439,BS098,2023,1,sober,478,39,0.19047619047619047,SESE_L,42,1,4.861940399
440,BS118,2006,1,sober,412,28,0.0,SESE_L,7,0,
441,BS123,2006,1,sober,293,17,0.0,SESE_L,7,0,
442,BS123,2018,1,sober,293,17,0.75,SESE_L,4,1,0.0
443,BS123,2023,1,sober,293,17,0.25,SESE_L,4,1,0.276682303
444,BS124,2006,1,sober,353,23,0.0,SESE_L,12,0,
445,BS124,2009,1,sober,353,23,0.0625,SESE_L,16,0,0.0
446,BS124,2010,1,sober,353,23,0.0,SESE_L,16,0,0.0
447,BS124,2013,1,sober,353,23,0.0,SESE_L,17,0,0.0
448,BS124,2018,1,sober,353,23,0.7,SESE_L,10,1,0.0
449,BS124,2023,1,sober,353,23,0.1,SESE_L,10,1,0.0
450,BS125,2006,1,control,380,20,0.06818181818181818,SESE_L,44,0,
451,BS129,2006,1,control,340,25,0.0,SESE_L,9,0,
452,BS130,2006,1,control,242,3,0.25,SESE_L,32,0,
453,BS130,2009,1,control,242,3,0.3225806451612903,SESE_L,31,0,1.605690355
454,BS130,2010,1,control,242,3,0.25,SESE_L,32,0,1.593690355
455,BS130,2013,1,control,242,3,0.3333333333333333,SESE_L,30,0,1.785890355
456,BS130,2018,1,control,242,3,0.23333333333333334,SESE_L,30,0,2.380890355
457,BS131,2006,1,control,223,25,0.34375,SESE_L,64,0,
458,BS131,2009,1,control,223,25,0.43548387096774194,SESE_L,62,0,0.477724402
459,BS131,2010,1,control,223,25,0.45901639344262296,SESE_L,61,0,0.477724402
460,BS131,2013,1,control,223,25,0.4166666666666667,SESE_L,60,0,0.477724402
461,BS131,2018,1,control,223,25,0.43636363636363634,SESE_L,55,0,0.477724402
462,BS134,2006,1,sober,513,27,0.1111111111111111,SESE_L,9,0,
463,BS134,2018,1,sober,513,27,0.16,SESE_L,25,1,0.165086767
464,BS134,2023,1,sober,513,27,0.0,SESE_L,19,1,0.336550967
465,BS135,2006,1,sober,433,27,0.3064516129032258,SESE_L,62,0,
466,BS137,2006,1,control,258,18,0.0,SESE_L,9,0,
467,BS140,2007,1,sober,293,15,0.0,SESE_L,22,0,
468,BS140,2009,1,sober,293,15,0.08695652173913043,SESE_L,23,0,0.0
469,BS140,2010,1,sober,293,15,0.08695652173913043,SESE_L,23,0,0.0
470,BS140,2013,1,sober,293,15,0.13043478260869565,SESE_L,23,0,0.483919485
471,BS140,2018,1,sober,293,15,0.625,SESE_L,16,1,10.956978338999999
472,BS140,2022,1,sober,293,15,0.5384615384615384,SESE_L,13,1,11.239798754999999
473,BS147,2006,1,sober,399,36,0.0,SESE_L,8,0,
474,BS147,2009,1,sober,399,36,0.14285714285714285,SESE_L,7,0,7.490675565
475,BS147,2010,1,sober,399,36,0.14285714285714285,SESE_L,7,0,7.490675564
476,BS147,2013,1,sober,399,36,0.14285714285714285,SESE_L,7,0,8.154924588
477,BS147,2018,1,sober,399,36,0.05154639175257732,SESE_L,97,1,1.649620693
478,BS147,2022,1,sober,399,36,0.25,SESE_L,24,1,3.9608157559999997
479,BS151,2006,1,sober,490,10,0.16666666666666666,SESE_L,30,0,
480,BS152,2006,1,sober,389,18,0.019230769230769232,SESE_L,52,0,
481,BS156,2007,1,sober_chalk,403,34,0.5333333333333333,SESE_L,30,0,
482,BS156,2009,1,sober_chalk,403,34,2.0,SESE_L,9,1,5.1454493590000006
483,BS156,2018,1,sober_chalk,403,34,1.4912280701754386,SESE_L,57,1,18.947383717
484,BS157,2007,1,sober_chalk,325,23,0.20454545454545456,SESE_L,44,0,
485,BS160,2007,0,sober_chalk,386,38,0.16666666666666666,SESE_L,12,0,
486,BS160,2009,0,sober_chalk,386,38,0.3333333333333333,SESE_L,9,1,0.205703633
487,BS160,2010,0,sober_chalk,386,38,0.1,SESE_L,40,1,0.205703633
488,BS160,2013,0,sober_chalk,386,38,0.08620689655172414,SESE_L,58,1,1.239865767
489,BS160,2018,0,sober_chalk,386,38,0.5576923076923077,SESE_L,52,1,15.026967417
490,BS160,2022,0,sober_chalk,386,38,0.2,SESE_L,30,1,15.026967417
491,BS165,2007,0,sober_chalk,287,10,0.0625,SESE_L,16,0,
492,BS165,2009,0,sober_chalk,287,10,0.5833333333333334,SESE_L,12,1,3.2100737579999996
493,BS165,2010,0,sober_chalk,287,10,0.5,SESE_L,12,1,3.438517079
494,BS165,2013,0,sober_chalk,287,10,0.4166666666666667,SESE_L,12,1,3.1593509149999996
495,BS165,2018,0,sober_chalk,287,10,0.09090909090909091,SESE_L,11,1,2.3164922270000003
496,BS165,2022,0,sober_chalk,287,10,0.0,SESE_L,13,1,7.897447308000001
497,BS166,2007,0,sober_chalk,352,25,0.0,SESE_L,13,0,
498,BS166,2009,0,sober_chalk,352,25,1.0,SESE_L,6,1,0.0
499,BS166,2018,0,sober_chalk,352,25,0.42857142857142855,SESE_L,7,1,0.0
500,BS166,2023,0,sober_chalk,352,25,0.125,SESE_L,8,1,0.455326731
501,BS167,2007,1,sober_chalk,409,36,0.10526315789473684,SESE_L,19,0,
502,BS168,2007,1,sober_chalk,317,35,0.0,SESE_L,8,0,
503,BS168,2009,1,sober_chalk,317,35,0.6,SESE_L,5,1,3.082538566
504,BS168,2018,1,sober_chalk,317,35,0.5,SESE_L,4,1,9.788314835
505,BS168,2023,1,sober_chalk,317,35,0.0,SESE_L,9,1,10.052773357000001
506,BS177,2007,1,sober_chalk,540,36,0.11764705882352941,SESE_L,34,0,
507,BS186,2006,1,control,235,22,0.25,SESE_L,20,0,
508,BS187,2006,1,chalk,114,16,0.2631578947368421,SESE_L,19,0,
509,BS187,2009,1,chalk,114,16,1.625,SESE_L,8,1,0.0
510,BS187,2010,1,chalk,114,16,0.36363636363636365,SESE_L,33,1,0.358681916
511,BS187,2013,1,chalk,114,16,0.3541666666666667,SESE_L,48,1,0.358681916
512,BS187,2018,1,chalk,114,16,0.38461538461538464,SESE_L,52,1,0.358681916
513,BS187,2022,1,chalk,114,16,0.2727272727272727,SESE_L,33,1,0.753712646
514,BS190,2006,1,chalk,79,8,0.0,SESE_L,11,0,
515,BS190,2009,1,chalk,79,8,0.2,SESE_L,10,1,24.871448527
516,BS190,2018,1,chalk,79,8,0.3103448275862069,SESE_L,29,1,35.342633453999994
517,BS193,2023,1,sober_chalk,413,27,0.0,SESE_L,8,1,2.006572063
518,BS207,2006,1,control,305,33,0.18888888888888888,SESE_L,90,0,
519,BS210,2007,1,control,25,40,0.34375,SESE_L,32,0,
520,BS219,2006,0,chalk,101,19,0.05405405405405406,SESE_L,37,0,
521,BS219,2009,0,chalk,101,19,0.95,SESE_L,20,1,3.951294964
522,BS221,2006,1,sober_chalk,435,30,0.4,SESE_L,5,0,
523,BS221,2010,1,sober_chalk,435,30,0.09375,SESE_L,32,1,1.823221529
524,BS221,2013,1,sober_chalk,435,30,0.16216216216216217,SESE_L,37,1,4.690603488
525,BS221,2018,1,sober_chalk,435,30,0.875,SESE_L,24,1,0.091277671
526,BS221,2023,1,sober_chalk,435,30,0.08695652173913043,SESE_L,23,1,0.049970958
527,BS222,2006,1,sober_chalk,416,37,0.0,SESE_L,13,0,
528,BS222,2009,1,sober_chalk,416,37,1.6,SESE_L,5,1,15.951751996999999
529,BS224,2007,1,sober_chalk,435,31,0.0,SESE_L,11,0,
530,BS224,2009,1,sober_chalk,435,31,1.4,SESE_L,5,1,0.186977542
531,BS224,2010,1,sober_chalk,435,31,0.6666666666666666,SESE_L,6,1,0.175479313
532,BS224,2013,1,sober_chalk,435,31,0.7142857142857143,SESE_L,7,1,0.288494868
533,BS224,2018,1,sober_chalk,435,31,0.8,SESE_L,5,1,0.160267349
534,BS224,2022,1,sober_chalk,435,31,0.4,SESE_L,5,1,0.431872543
535,BS226,2006,1,sober_chalk,474,38,0.1,SESE_L,60,0,
536,BS226,2009,1,sober_chalk,474,38,5.333333333333333,SESE_L,12,1,3.508870479
537,BS226,2018,1,sober_chalk,474,38,2.103448275862069,SESE_L,29,1,10.124251633999998
538,BS226,2023,1,sober_chalk,474,38,0.45161290322580644,SESE_L,31,1,10.693541602999998
539,BS228,2006,1,sober_chalk,600,40,0.0,SESE_L,2,0,
540,BS239,2006,1,control,88,35,0.0,SESE_L,26,0,
541,BS239,2018,1,control,88,35,0.21052631578947367,SESE_L,19,0,0.18864478499999998
542,BS240,2006,1,sober_chalk,305,39,0.3611111111111111,SESE_L,36,0,
543,BS241,2006,1,sober_chalk,361,39,0.08333333333333333,SESE_L,12,0,
544,BS241,2023,1,sober_chalk,361,39,0.1,SESE_L,10,1,2.968603485
545,BS242,2006,1,sober_chalk,403,39,0.25,SESE_L,12,0,
546,BS242,2009,1,sober_chalk,403,39,1.4,SESE_L,5,1,0.0
547,BS242,2010,1,sober_chalk,403,39,1.2,SESE_L,5,1,0.0
548,BS242,2013,1,sober_chalk,403,39,1.2,SESE_L,5,1,0.525203449
549,BS242,2018,1,sober_chalk,403,39,0.16666666666666666,SESE_L,6,1,3.269396937
550,BS242,2022,1,sober_chalk,403,39,0.16666666666666666,SESE_L,6,1,6.792699053
551,BS243,2006,0,sober_chalk,423,27,0.46153846153846156,SESE_L,13,0,
552,BS244,2006,0,sober_chalk,357,35,0.06976744186046512,SESE_L,43,0,
553,BS244,2009,0,sober_chalk,357,35,0.76,SESE_L,25,1,12.63155768
554,BS244,2010,0,sober_chalk,357,35,0.425,SESE_L,40,1,12.63155768
555,BS244,2013,0,sober_chalk,357,35,0.18571428571428572,SESE_L,70,1,12.762546386
556,BS244,2018,0,sober_chalk,357,35,0.7222222222222222,SESE_L,54,1,19.310048523000003
557,BS244,2023,0,sober_chalk,357,35,0.07894736842105263,SESE_L,38,1,19.431094088000002
558,BS247,2006,0,sober_chalk,570,26,0.3181818181818182,SESE_L,88,0,
559,BS247,2009,0,sober_chalk,570,26,0.8709677419354839,SESE_L,62,1,33.864621291
560,BS247,2010,0,sober_chalk,570,26,0.4811320754716981,SESE_L,106,1,34.163972659
561,BS247,2013,0,sober_chalk,570,26,0.1958041958041958,SESE_L,143,1,32.733673736
562,BS247,2018,0,sober_chalk,570,26,0.859375,SESE_L,128,1,4.114019998
563,BS247,2022,0,sober_chalk,570,26,0.42105263157894735,SESE_L,57,1,3.702439591
564,BS249,2006,1,sober_chalk,580,30,0.013071895424836602,SESE_L,153,0,
565,BS249,2009,1,sober_chalk,580,30,2.806451612903226,SESE_L,31,1,15.689741241
566,BS260,2006,1,control,240,11,0.0,SESE_L,44,0,
567,BS265,2006,0,control,200,20,0.10852713178294573,SESE_L,129,0,
568,BS267,2006,1,control,160,37,0.14285714285714285,SESE_L,28,0,
569,BS276,2006,1,chalk,357,22,0.16666666666666666,SESE_L,24,0,
570,BS276,2009,1,chalk,357,22,2.4285714285714284,SESE_L,7,1,0.760218298
571,BS276,2023,1,chalk,357,22,0.2894736842105263,SESE_L,38,1,0.716307669
572,BS277,2007,1,dolan_chalk,262,44,0.18181818181818182,SESE_L,22,0,
573,BS277,2009,1,dolan_chalk,262,44,3.4,SESE_L,5,1,0.987740293
574,BS277,2021,1,dolan_chalk,262,44,4.5,SESE_L,14,1,0.7725567459999999
575,BS278,2006,1,dolan_chalk,384,41,0.13793103448275862,SESE_L,29,0,
576,BS278,2009,1,dolan_chalk,384,41,5.0,SESE_L,5,1,0.0
577,BS278,2010,1,dolan_chalk,384,41,3.8,SESE_L,5,1,0.0
578,BS278,2013,1,dolan_chalk,384,41,1.7142857142857142,SESE_L,7,1,0.0
579,BS278,2018,1,dolan_chalk,384,41,0.42857142857142855,SESE_L,14,1,0.0
580,BS278,2021,1,dolan_chalk,384,41,4.75,SESE_L,4,1,2.1214632079999998
581,BS279,2006,0,dolan_chalk,256,15,0.16,SESE_L,75,0,
582,BS279,2009,0,dolan_chalk,256,15,2.625,SESE_L,24,1,2.910120107
583,BS279,2021,0,dolan_chalk,256,15,2.7142857142857144,SESE_L,14,1,8.6830343
584,BS281,2006,0,dolan,92,33,0.18487394957983194,SESE_L,119,0,
585,BS283,2006,1,chalk,606,33,0.08333333333333333,SESE_L,12,0,
586,BS283,2009,1,chalk,606,33,3.5,SESE_L,2,1,0.0
587,BS283,2010,1,chalk,606,33,0.1276595744680851,SESE_L,47,1,1.918060125
588,BS283,2013,1,chalk,606,33,0.06779661016949153,SESE_L,59,1,5.180326340000001
589,BS283,2018,1,chalk,606,33,0.21428571428571427,SESE_L,56,1,5.221019782
590,BS283,2022,1,chalk,606,33,0.023809523809523808,SESE_L,42,1,5.221019782
591,BS293,2006,1,control,287,21,0.0,SESE_L,1,0,
592,BS295,2007,1,dolan,150,25,0.8461538461538461,SESE_L,13,0,
593,BS295,2009,1,dolan,150,25,0.8461538461538461,SESE_L,13,0,6.015904259
594,BS295,2010,1,dolan,150,25,1.0,SESE_L,11,0,6.015904259
595,BS295,2013,1,dolan,150,25,0.9166666666666666,SESE_L,12,0,6.04514856
596,BS295,2018,1,dolan,150,25,1.0909090909090908,SESE_L,11,0,6.04514856
597,BS295,2021,1,dolan,150,25,0.7,SESE_L,10,1,1.755125219
598,BS296,2006,0,dolan_chalk,590,40,0.0,SESE_L,4,0,
599,BS296,2009,0,dolan_chalk,590,40,0.0,SESE_L,4,1,0.643084016
600,BS296,2021,0,dolan_chalk,590,40,0.07017543859649122,SESE_L,57,1,3.269701211
601,BS297,2006,1,dolan_chalk,618,30,0.3333333333333333,SESE_L,15,0,
602,BS297,2009,1,dolan_chalk,618,30,2.0,SESE_L,5,1,2.417993545
603,BS297,2010,1,dolan_chalk,618,30,1.6666666666666667,SESE_L,6,1,2.417993545
604,BS297,2013,1,dolan_chalk,618,30,0.8333333333333334,SESE_L,12,1,3.0588990229999995
605,BS297,2018,1,dolan_chalk,618,30,0.3333333333333333,SESE_L,21,1,9.720756725
606,BS297,2021,1,dolan_chalk,618,30,0.6,SESE_L,10,1,0.552958308
607,BS299,2006,0,dolan_chalk,199,40,0.09090909090909091,SESE_L,11,0,
608,BS299,2009,0,dolan_chalk,199,40,0.2,SESE_L,10,1,4.400962901
609,BS299,2021,0,dolan_chalk,199,40,1.8571428571428572,SESE_L,7,1,4.066105998
610,BS301,2006,1,dolan_chalk,510,27,0.15789473684210525,SESE_L,38,0,
611,BS301,2009,1,dolan_chalk,510,27,2.8333333333333335,SESE_L,12,1,0.0
612,BS301,2010,1,dolan_chalk,510,27,1.9444444444444444,SESE_L,18,1,0.128086149
613,BS301,2013,1,dolan_chalk,510,27,1.0344827586206897,SESE_L,29,1,0.796718382
614,BS301,2018,1,dolan_chalk,510,27,0.30952380952380953,SESE_L,42,1,5.976655202
615,BS301,2021,1,dolan_chalk,510,27,2.6363636363636362,SESE_L,11,1,0.48341649600000003
616,BS309,2006,1,dolan_chalk,640,17,0.0,SESE_L,4,0,
617,BS313,2006,1,control,581,20,0.13157894736842105,SESE_L,38,0,
618,BS313,2010,1,control,581,20,0.05660377358490566,SESE_L,53,0,37.976233109000006
619,BS313,2013,1,control,581,20,0.05084745762711865,SESE_L,59,0,38.906092786
620,BS313,2018,1,control,581,20,0.039473684210526314,SESE_L,76,0,40.483122986000005
621,BS313,2022,1,control,581,20,0.08333333333333333,SESE_L,36,0,41.920545157
622,BS338,2006,0,control,599,21,0.2916666666666667,SESE_L,24,0,
623,BS355,2007,0,sober_chalk,470,33,0.1875,SESE_L,32,0,
624,BS355,2009,0,sober_chalk,470,33,2.2857142857142856,SESE_L,7,1,0.16847576
625,BS355,2010,0,sober_chalk,470,33,1.7777777777777777,SESE_L,9,1,0.16847576
626,BS355,2013,0,sober_chalk,470,33,0.5333333333333333,SESE_L,15,1,0.323853356
627,BS355,2018,0,sober_chalk,470,33,0.7058823529411765,SESE_L,17,1,2.472934581
628,BS355,2023,0,sober_chalk,470,33,0.4166666666666667,SESE_L,12,1,2.721801263
629,BS359,2007,0,sober_chalk,717,37,0.28,SESE_L,25,0,
630,BS359,2009,0,sober_chalk,717,37,0.6153846153846154,SESE_L,13,1,0.0
631,BS376,2007,1,control,185,38,0.0,SESE_L,15,0,
632,BS382,2006,1,dolan_chalk,410,39,0.2777777777777778,SESE_L,54,0,
633,BS382,2021,1,dolan_chalk,410,39,0.7868852459016393,SESE_L,61,1,0.331415209
634,BS388,2007,1,dolan,146,24,0.2641509433962264,SESE_L,53,0,
635,BS388,2018,1,dolan,146,24,0.04838709677419355,SESE_L,62,0,4.562418064
636,BS388,2021,1,dolan,146,24,3.3333333333333335,SESE_L,9,1,3.586567676
637,BS389,2006,0,dolan,135,38,0.13636363636363635,SESE_L,22,0,
638,BS389,2021,0,dolan,135,38,4.0,SESE_L,6,1,1.830286932
639,BS390,2007,1,sober_chalk,328,27,0.0,SESE_L,3,0,
640,BS390,2009,1,sober_chalk,328,27,2.0,SESE_L,1,1,1.198154351
641,BS390,2013,1,sober_chalk,328,27,1.0,SESE_L,1,1,0.543750783
642,BS390,2022,1,sober_chalk,328,27,0.5,SESE_L,2,1,2.863861648
643,BS391,2007,1,dolan,203,35,0.07142857142857142,SESE_L,112,0,
644,BS391,2010,1,dolan,203,35,0.08653846153846154,SESE_L,104,0,7.668196720000001
645,BS391,2013,1,dolan,203,35,0.08737864077669903,SESE_L,103,0,6.242549791
646,BS391,2018,1,dolan,203,35,0.12,SESE_L,100,0,6.242549791
647,BS391,2021,1,dolan,203,35,16.5,SESE_L,4,1,5.825086753000001
648,BS392,2007,1,dolan,294,29,0.11627906976744186,SESE_L,172,0,
649,BS392,2009,1,dolan,294,29,0.25142857142857145,SESE_L,175,0,3.473046386
650,BS392,2010,1,dolan,294,29,0.2542372881355932,SESE_L,177,0,3.473046387
651,BS392,2013,1,dolan,294,29,0.20555555555555555,SESE_L,180,0,4.119816905
652,BS392,2018,1,dolan,294,29,0.26666666666666666,SESE_L,165,0,4.119816905
653,BS392,2021,1,dolan,294,29,6.0,SESE_L,12,1,2.274396843
654,BS394,2006,1,dolan,382,30,0.03896103896103896,SESE_L,77,0,
655,BS394,2016,1,dolan,382,30,0.2923076923076923,SESE_L,65,0,0.680098206
656,BS394,2018,1,dolan,382,30,0.3888888888888889,SESE_L,54,0,0.680098206
657,BS394,2021,1,dolan,382,30,3.1666666666666665,SESE_L,12,1,0.0
658,BS407,2006,1,dolan,680,24,0.18181818181818182,SESE_L,33,0,
659,BS407,2009,1,dolan,680,24,0.22,SESE_L,50,0,7.488390569
660,BS407,2010,1,dolan,680,24,0.20408163265306123,SESE_L,49,0,10.423273377000001
661,BS407,2013,1,dolan,680,24,0.1509433962264151,SESE_L,53,0,10.311502383
662,BS407,2018,1,dolan,680,24,0.14516129032258066,SESE_L,62,0,10.009745615
663,BS407,2021,1,dolan,680,24,3.230769230769231,SESE_L,13,1,5.333496927
664,BS412,2006,1,control,209,35,0.75,SESE_L,28,0,
665,BS412,2009,1,control,209,35,0.5833333333333334,SESE_L,36,0,0.0
666,BS412,2010,1,control,209,35,0.40350877192982454,SESE_L,57,0,0.0
667,BS412,2013,1,control,209,35,0.24615384615384617,SESE_L,65,0,0.0
668,BS412,2018,1,control,209,35,0.12359550561797752,SESE_L,89,0,0.0
669,BS412,2022,1,control,209,35,0.11428571428571428,SESE_L,70,0,0.065613144
670,BS416,2007,0,dolan,580,42,0.24074074074074073,SESE_L,54,0,
671,BS416,2010,0,dolan,580,42,0.22972972972972974,SESE_L,74,0,10.8917895
672,BS416,2013,0,dolan,580,42,0.12658227848101267,SESE_L,79,0,10.8917895
673,BS416,2018,0,dolan,580,42,0.09782608695652174,SESE_L,92,0,10.8917895
674,BS416,2021,0,dolan,580,42,2.9473684210526314,SESE_L,19,1,4.283977216
675,BS420,2007,0,dolan_chalk,554,31,0.7407407407407407,SESE_L,27,0,
676,BS420,2009,0,dolan_chalk,554,31,0.8823529411764706,SESE_L,17,1,0.0
677,BS420,2021,0,dolan_chalk,554,31,1.75,SESE_L,8,1,1.93714475
678,BS423,2006,0,dolan_chalk,106,41,0.08888888888888889,SESE_L,45,0,
679,BS423,2009,0,dolan_chalk,106,41,0.7083333333333334,SESE_L,24,1,0.810787002
680,BS423,2021,0,dolan_chalk,106,41,1.6111111111111112,SESE_L,18,1,1.69532576
681,BS426,2006,0,dolan_chalk,226,34,0.14285714285714285,SESE_L,14,0,
682,BS426,2009,0,dolan_chalk,226,34,1.25,SESE_L,8,1,0.423643769
683,BS426,2010,0,dolan_chalk,226,34,0.5882352941176471,SESE_L,17,1,0.24972657399999998
684,BS426,2013,0,dolan_chalk,226,34,0.21212121212121213,SESE_L,33,1,1.8592386130000003
685,BS426,2018,0,dolan_chalk,226,34,0.13513513513513514,SESE_L,37,1,1.5320535190000002
686,BS426,2021,0,dolan_chalk,226,34,3.875,SESE_L,8,1,0.543707586
687,BS429,2007,1,sober,351,35,0.0,SESE_L,2,0,
688,BS429,2009,1,sober,351,35,0.0,SESE_L,3,0,1.945263725
689,BS429,2010,1,sober,351,35,0.0,SESE_L,3,0,3.400752763
690,BS429,2013,1,sober,351,35,0.0,SESE_L,5,0,3.416215601
691,BS429,2018,1,sober,351,35,0.6666666666666666,SESE_L,3,1,9.378417949
692,BS429,2022,1,sober,351,35,0.0,SESE_L,5,1,10.722914714999998
693,BS433,2007,1,sober_chalk,350,34,0.2222222222222222,SESE_L,9,0,
694,BS433,2009,1,sober_chalk,350,34,0.6666666666666666,SESE_L,3,1,0.808830243
695,BS433,2010,1,sober_chalk,350,34,0.6666666666666666,SESE_L,3,1,0.808830243
696,BS433,2013,1,sober_chalk,350,34,0.3333333333333333,SESE_L,3,1,0.941531116
697,BS433,2018,1,sober_chalk,350,34,0.25,SESE_L,4,1,9.006449238
698,BS433,2022,1,sober_chalk,350,34,0.3333333333333333,SESE_L,3,1,11.016309174
699,BS457,2007,1,chalk,443,34,0.35294117647058826,SESE_L,17,0,
700,BS457,2009,1,chalk,443,34,1.3333333333333333,SESE_L,6,1,6.407190841
701,BS457,2010,1,chalk,443,34,1.3333333333333333,SESE_L,6,1,7.323535475
702,BS457,2013,1,chalk,443,34,0.6666666666666666,SESE_L,9,1,8.576149609
703,BS457,2018,1,chalk,443,34,0.14285714285714285,SESE_L,28,1,8.821111369999999
704,BS457,2022,1,chalk,443,34,0.09090909090909091,SESE_L,11,1,5.455406686
705,BS469,2007,1,sober,543,35,0.14285714285714285,SESE_L,7,0,
706,BS474,2006,0,dolan_chalk,289,41,0.13043478260869565,SESE_L,46,0,
707,BS474,2021,0,dolan_chalk,289,41,0.7407407407407407,SESE_L,27,1,0.0
708,BS494,2007,1,control,442,32,0.8181818181818182,SESE_L,11,0,
709,BS494,2010,1,control,442,32,0.6666666666666666,SESE_L,12,0,1.266342894
710,BS494,2013,1,control,442,32,0.46153846153846156,SESE_L,13,0,1.266342894
711,BS494,2018,1,control,442,32,0.2,SESE_L,30,0,1.266342894
712,BS494,2022,1,control,442,32,0.11764705882352941,SESE_L,34,0,1.327668314
713,BS513,2006,1,dolan,310,33,0.0,SESE_L,1,0,
714,BS513,2009,1,dolan,310,33,0.0,SESE_L,1,0,1.641837554
715,BS513,2011,1,dolan,310,33,0.0,SESE_L,2,0,1.620459802
716,BS513,2014,1,dolan,310,33,0.0,SESE_L,2,0,1.992131772
717,BS513,2019,1,dolan,310,33,0.3333333333333333,SESE_L,3,0,4.419982062
718,BS600,2007,1,sober,549,32,0.6,SESE_L,10,0,
719,BS600,2018,1,sober,549,32,0.6666666666666666,SESE_L,6,1,0.0
720,BS600,2023,1,sober,549,32,0.2222222222222222,SESE_L,9,1,3.2609408949999996
721,BS601,2007,1,sober,603,25,0.15384615384615385,SESE_L,13,0,
722,BS601,2009,1,sober,603,25,0.15384615384615385,SESE_L,13,0,3.566594769
723,BS601,2010,1,sober,603,25,0.15384615384615385,SESE_L,13,0,3.566594769
724,BS601,2013,1,sober,603,25,0.08333333333333333,SESE_L,12,0,5.210832657
725,BS601,2018,1,sober,603,25,0.1320754716981132,SESE_L,53,1,0.795474822
726,BS601,2022,1,sober,603,25,0.1724137931034483,SESE_L,29,1,0.795474822
727,BS603,2007,1,sober,491,31,0.0,SESE_L,10,0,
728,BS603,2009,1,sober,491,31,0.1111111111111111,SESE_L,9,0,24.235228421
729,BS603,2010,1,sober,491,31,0.0,SESE_L,9,0,26.906213936999997
730,BS603,2013,1,sober,491,31,0.0,SESE_L,8,0,26.999173671
731,BS603,2018,1,sober,491,31,0.10526315789473684,SESE_L,38,1,2.2552837300000004
732,BS603,2022,1,sober,491,31,0.1,SESE_L,10,1,3.942706422
733,BS604,2007,1,sober,550,33,0.21739130434782608,SESE_L,23,0,
734,BS604,2018,1,sober,550,33,0.034482758620689655,SESE_L,87,1,0.341385093
735,BS605,2007,1,control,119,35,0.6,SESE_L,5,0,
736,BS610,2007,0,dolan_chalk,206,44,0.02631578947368421,SESE_L,38,0,
737,BS610,2009,0,dolan_chalk,206,44,2.3333333333333335,SESE_L,9,1,6.249071146
738,BS610,2021,0,dolan_chalk,206,44,2.0,SESE_L,10,1,3.600068478
739,BS611,2007,1,dolan_chalk,378,35,0.30303030303030304,SESE_L,33,0,
740,BS611,2009,1,dolan_chalk,378,35,1.3571428571428572,SESE_L,14,1,0.900129127
741,BS611,2010,1,dolan_chalk,378,35,0.2153846153846154,SESE_L,65,1,1.741643989
742,BS611,2013,1,dolan_chalk,378,35,0.125,SESE_L,80,1,2.334253952
743,BS611,2018,1,dolan_chalk,378,35,0.2916666666666667,SESE_L,72,1,2.499433083
744,BS611,2021,1,dolan_chalk,378,35,18.333333333333332,SESE_L,3,1,1.340542516
745,BS612,2007,1,dolan_chalk,415,34,0.48333333333333334,SESE_L,60,0,
746,BS612,2009,1,dolan_chalk,415,34,5.0,SESE_L,6,1,1.430852119
747,BS612,2021,1,dolan_chalk,415,34,3.5555555555555554,SESE_L,9,1,0.782757145
748,BS613,2007,1,dolan_chalk,291,40,0.05,SESE_L,20,0,
749,BS613,2009,1,dolan_chalk,291,40,1.2222222222222223,SESE_L,9,1,0.533253937
750,BS613,2018,1,dolan_chalk,291,40,0.07692307692307693,SESE_L,13,1,2.498620662
751,BS613,2021,1,dolan_chalk,291,40,0.17647058823529413,SESE_L,17,1,0.179997551
752,BS620,2007,1,control,284,36,0.07692307692307693,SESE_L,13,0,
753,BS621,2007,1,chalk,218,38,0.5416666666666666,SESE_L,72,0,
754,BS622,2007,1,control,55,38,0.06666666666666667,SESE_L,15,0,
755,BS623,2007,1,control,341,38,0.6666666666666666,SESE_L,9,0,
756,BS624,2007,0,control,435,12,0.24651162790697675,SESE_L,215,0,
757,BS625,2007,1,control,302,0,0.8333333333333334,SESE_L,6,0,
758,BS626,2007,0,control,357,43,0.948051948051948,SESE_L,77,0,
759,BS627,2007,1,chalk,119,28,0.0,SESE_L,2,0,
760,BS627,2009,1,chalk,119,28,1.0,SESE_L,1,1,1.7676324220000001
761,BS629,2007,1,chalk,373,30,0.1111111111111111,SESE_L,27,0,
762,BS629,2009,1,chalk,373,30,0.8333333333333334,SESE_L,18,1,0.723562941
763,BS629,2018,1,chalk,373,30,0.11235955056179775,SESE_L,89,1,3.5249473429999996
764,BS632,2007,0,sober_chalk,499,19,0.19047619047619047,SESE_L,21,0,
765,BS632,2009,0,sober_chalk,499,19,1.0,SESE_L,10,1,16.022526616
766,BS632,2018,0,sober_chalk,499,19,1.027027027027027,SESE_L,37,1,4.12571805
767,BS632,2023,0,sober_chalk,499,19,0.24242424242424243,SESE_L,33,1,4.340840099
768,BS002,2006,1,control,359,33,0.0625,SESE_M,0,0,
769,BS002,2010,1,control,359,33,0.1875,SESE_M,0,0,0.0
770,BS002,2013,1,control,359,33,0.1111111111111111,SESE_M,1,0,0.0
771,BS002,2018,1,control,359,33,0.17647058823529413,SESE_M,0,0,0.0
772,BS002,2022,1,control,359,33,0.23076923076923078,SESE_M,0,0,1.670235156
773,BS027,2006,1,control,244,41,0.18181818181818182,SESE_M,0,0,
774,BS027,2009,1,control,244,41,0.15384615384615385,SESE_M,0,0,2.448748283
775,BS027,2010,1,control,244,41,0.15384615384615385,SESE_M,0,0,2.4487482839999997
776,BS027,2013,1,control,244,41,0.15384615384615385,SESE_M,0,0,2.6518836639999996
777,BS027,2018,1,control,244,41,0.25,SESE_M,1,0,7.972697393
778,BS027,2022,1,control,244,41,0.25,SESE_M,0,0,11.775860059
779,BS038,2007,1,dolan,553,33,0.22580645161290322,SESE_M,0,0,
780,BS038,2021,1,dolan,553,33,6.666666666666667,SESE_M,16,1,3.83949809
781,BS045,2007,1,dolan_chalk,478,39,0.12,SESE_M,0,0,
782,BS045,2009,1,dolan_chalk,478,39,1.8571428571428572,SESE_M,9,1,3.442813662
783,BS048,2007,0,dolan_chalk,475,20,0.1875,SESE_M,0,0,
784,BS048,2009,0,dolan_chalk,475,20,0.35714285714285715,SESE_M,2,1,0.838234607
785,BS048,2021,0,dolan_chalk,475,20,0.0,SESE_M,5,1,5.1912027290000005
786,BS050,2007,0,dolan_chalk,670,18,0.12162162162162163,SESE_M,0,0,
787,BS050,2009,0,dolan_chalk,670,18,0.7450980392156863,SESE_M,5,1,11.903282587
788,BS050,2021,0,dolan_chalk,670,18,1.7857142857142858,SESE_M,61,1,0.0595725
789,BS052,2007,0,dolan_chalk,541,32,0.24242424242424243,SESE_M,0,0,
790,BS052,2009,0,dolan_chalk,541,32,3.4,SESE_M,37,1,0.888186755
791,BS052,2010,0,dolan_chalk,541,32,3.2222222222222223,SESE_M,41,1,0.8933934139999999
792,BS052,2013,0,dolan_chalk,541,32,0.3617021276595745,SESE_M,5,1,4.132222011
793,BS052,2018,0,dolan_chalk,541,32,0.26229508196721313,SESE_M,8,1,4.664371836
794,BS052,2021,0,dolan_chalk,541,32,5.3,SESE_M,16,1,1.172549182
795,BS053,2007,1,dolan_chalk,317,38,0.42857142857142855,SESE_M,0,0,
796,BS053,2009,1,dolan_chalk,317,38,0.3333333333333333,SESE_M,11,1,29.993038162000005
797,BS053,2010,1,dolan_chalk,317,38,0.06666666666666667,SESE_M,9,1,31.958865571
798,BS053,2013,1,dolan_chalk,317,38,0.034482758620689655,SESE_M,1,1,34.469751174
799,BS053,2018,1,dolan_chalk,317,38,0.015625,SESE_M,1,1,34.424304111
800,BS053,2021,1,dolan_chalk,317,38,5.2,SESE_M,35,1,4.995042109
801,BS058,2007,0,dolan,744,25,0.09558823529411764,SESE_M,0,0,
802,BS058,2009,0,dolan,744,25,0.09375,SESE_M,1,0,0.959726514
803,BS058,2010,0,dolan,744,25,0.08383233532934131,SESE_M,3,0,0.959726514
804,BS058,2013,0,dolan,744,25,0.15,SESE_M,2,0,0.959726514
805,BS058,2018,0,dolan,744,25,0.4122137404580153,SESE_M,2,0,2.679536748
806,BS058,2021,0,dolan,744,25,0.9032258064516129,SESE_M,139,1,0.303839133
807,BS059,2007,0,dolan,630,40,0.14516129032258066,SESE_M,0,0,
808,BS059,2021,0,dolan,630,40,0.28688524590163933,SESE_M,35,1,0.0
809,BS081,2006,1,sober,308,23,0.16216216216216217,SESE_M,0,0,
810,BS081,2018,1,sober,308,23,0.34782608695652173,SESE_M,14,1,4.101016212
811,BS081,2023,1,sober,308,23,0.3235294117647059,SESE_M,2,1,5.455198468
812,BS084,2006,1,sober,432,36,0.0,SESE_M,0,0,
813,BS084,2010,1,sober,432,36,0.17647058823529413,SESE_M,0,0,1.154731964
814,BS084,2013,1,sober,432,36,0.16666666666666666,SESE_M,0,0,2.318745484
815,BS084,2018,1,sober,432,36,0.19148936170212766,SESE_M,4,1,0.874084028
816,BS084,2022,1,sober,432,36,0.09090909090909091,SESE_M,9,1,1.033069037
817,BS086,2006,1,sober,578,28,0.0,SESE_M,0,0,
818,BS086,2018,1,sober,578,28,0.07894736842105263,SESE_M,0,1,0.427917525
819,BS086,2023,1,sober,578,28,0.11538461538461539,SESE_M,1,1,0.605386094
820,BS087,2006,1,control,508,27,0.38095238095238093,SESE_M,0,0,
821,BS098,2007,1,sober,478,39,0.65,SESE_M,0,0,
822,BS098,2018,1,sober,478,39,0.2903225806451613,SESE_M,16,1,2.231441359
823,BS098,2023,1,sober,478,39,0.19047619047619047,SESE_M,2,1,4.861940399
824,BS118,2006,1,sober,412,28,0.0,SESE_M,0,0,
825,BS123,2006,1,sober,293,17,0.0,SESE_M,0,0,
826,BS123,2018,1,sober,293,17,0.75,SESE_M,2,1,0.0
827,BS123,2023,1,sober,293,17,0.25,SESE_M,0,1,0.276682303
828,BS124,2006,1,sober,353,23,0.0,SESE_M,0,0,
829,BS124,2009,1,sober,353,23,0.0625,SESE_M,0,0,0.0
830,BS124,2010,1,sober,353,23,0.0,SESE_M,0,0,0.0
831,BS124,2013,1,sober,353,23,0.0,SESE_M,0,0,0.0
832,BS124,2018,1,sober,353,23,0.7,SESE_M,0,1,0.0
833,BS124,2023,1,sober,353,23,0.1,SESE_M,0,1,0.0
834,BS125,2006,1,control,380,20,0.06818181818181818,SESE_M,0,0,
835,BS129,2006,1,control,340,25,0.0,SESE_M,0,0,
836,BS130,2006,1,control,242,3,0.25,SESE_M,0,0,
837,BS130,2009,1,control,242,3,0.3225806451612903,SESE_M,0,0,1.605690355
838,BS130,2010,1,control,242,3,0.25,SESE_M,0,0,1.593690355
839,BS130,2013,1,control,242,3,0.3333333333333333,SESE_M,0,0,1.785890355
840,BS130,2018,1,control,242,3,0.23333333333333334,SESE_M,1,0,2.380890355
841,BS131,2006,1,control,223,25,0.34375,SESE_M,0,0,
842,BS131,2009,1,control,223,25,0.43548387096774194,SESE_M,0,0,0.477724402
843,BS131,2010,1,control,223,25,0.45901639344262296,SESE_M,0,0,0.477724402
844,BS131,2013,1,control,223,25,0.4166666666666667,SESE_M,1,0,0.477724402
845,BS131,2018,1,control,223,25,0.43636363636363634,SESE_M,5,0,0.477724402
846,BS134,2006,1,sober,513,27,0.1111111111111111,SESE_M,0,0,
847,BS134,2018,1,sober,513,27,0.16,SESE_M,7,1,0.165086767
848,BS134,2023,1,sober,513,27,0.0,SESE_M,4,1,0.336550967
849,BS135,2006,1,sober,433,27,0.3064516129032258,SESE_M,0,0,
850,BS137,2006,1,control,258,18,0.0,SESE_M,0,0,
851,BS140,2007,1,sober,293,15,0.0,SESE_M,0,0,
852,BS140,2009,1,sober,293,15,0.08695652173913043,SESE_M,0,0,0.0
853,BS140,2010,1,sober,293,15,0.08695652173913043,SESE_M,0,0,0.0
854,BS140,2013,1,sober,293,15,0.13043478260869565,SESE_M,0,0,0.483919485
855,BS140,2018,1,sober,293,15,0.625,SESE_M,3,1,10.956978338999999
856,BS140,2022,1,sober,293,15,0.5384615384615384,SESE_M,3,1,11.239798754999999
857,BS147,2006,1,sober,399,36,0.0,SESE_M,0,0,
858,BS147,2009,1,sober,399,36,0.14285714285714285,SESE_M,0,0,7.490675565
859,BS147,2010,1,sober,399,36,0.14285714285714285,SESE_M,0,0,7.490675564
860,BS147,2013,1,sober,399,36,0.14285714285714285,SESE_M,0,0,8.154924588
861,BS147,2018,1,sober,399,36,0.05154639175257732,SESE_M,1,1,1.649620693
862,BS147,2022,1,sober,399,36,0.25,SESE_M,2,1,3.9608157559999997
863,BS151,2006,1,sober,490,10,0.16666666666666666,SESE_M,0,0,
864,BS152,2006,1,sober,389,18,0.019230769230769232,SESE_M,0,0,
865,BS156,2007,1,sober_chalk,403,34,0.5333333333333333,SESE_M,0,0,
866,BS156,2009,1,sober_chalk,403,34,2.0,SESE_M,15,1,5.1454493590000006
867,BS156,2018,1,sober_chalk,403,34,1.4912280701754386,SESE_M,7,1,18.947383717
868,BS157,2007,1,sober_chalk,325,23,0.20454545454545456,SESE_M,0,0,
869,BS160,2007,0,sober_chalk,386,38,0.16666666666666666,SESE_M,0,0,
870,BS160,2009,0,sober_chalk,386,38,0.3333333333333333,SESE_M,1,1,0.205703633
871,BS160,2010,0,sober_chalk,386,38,0.1,SESE_M,1,1,0.205703633
872,BS160,2013,0,sober_chalk,386,38,0.08620689655172414,SESE_M,0,1,1.239865767
873,BS160,2018,0,sober_chalk,386,38,0.5576923076923077,SESE_M,18,1,15.026967417
874,BS160,2022,0,sober_chalk,386,38,0.2,SESE_M,20,1,15.026967417
875,BS165,2007,0,sober_chalk,287,10,0.0625,SESE_M,0,0,
876,BS165,2009,0,sober_chalk,287,10,0.5833333333333334,SESE_M,0,1,3.2100737579999996
877,BS165,2010,0,sober_chalk,287,10,0.5,SESE_M,0,1,3.438517079
878,BS165,2013,0,sober_chalk,287,10,0.4166666666666667,SESE_M,0,1,3.1593509149999996
879,BS165,2018,0,sober_chalk,287,10,0.09090909090909091,SESE_M,5,1,2.3164922270000003
880,BS165,2022,0,sober_chalk,287,10,0.0,SESE_M,0,1,7.897447308000001
881,BS166,2007,0,sober_chalk,352,25,0.0,SESE_M,0,0,
882,BS166,2009,0,sober_chalk,352,25,1.0,SESE_M,0,1,0.0
883,BS166,2018,0,sober_chalk,352,25,0.42857142857142855,SESE_M,7,1,0.0
884,BS166,2023,0,sober_chalk,352,25,0.125,SESE_M,0,1,0.455326731
885,BS167,2007,1,sober_chalk,409,36,0.10526315789473684,SESE_M,0,0,
886,BS168,2007,1,sober_chalk,317,35,0.0,SESE_M,0,0,
887,BS168,2009,1,sober_chalk,317,35,0.6,SESE_M,0,1,3.082538566
888,BS168,2018,1,sober_chalk,317,35,0.5,SESE_M,4,1,9.788314835
889,BS168,2023,1,sober_chalk,317,35,0.0,SESE_M,0,1,10.052773357000001
890,BS177,2007,1,sober_chalk,540,36,0.11764705882352941,SESE_M,0,0,
891,BS186,2006,1,control,235,22,0.25,SESE_M,0,0,
892,BS187,2006,1,chalk,114,16,0.2631578947368421,SESE_M,0,0,
893,BS187,2009,1,chalk,114,16,1.625,SESE_M,2,1,0.0
894,BS187,2010,1,chalk,114,16,0.36363636363636365,SESE_M,5,1,0.358681916
895,BS187,2013,1,chalk,114,16,0.3541666666666667,SESE_M,3,1,0.358681916
896,BS187,2018,1,chalk,114,16,0.38461538461538464,SESE_M,0,1,0.358681916
897,BS187,2022,1,chalk,114,16,0.2727272727272727,SESE_M,3,1,0.753712646
898,BS190,2006,1,chalk,79,8,0.0,SESE_M,0,0,
899,BS190,2009,1,chalk,79,8,0.2,SESE_M,0,1,24.871448527
900,BS190,2018,1,chalk,79,8,0.3103448275862069,SESE_M,1,1,35.342633453999994
901,BS193,2023,1,sober_chalk,413,27,0.0,SESE_M,0,1,2.006572063
902,BS207,2006,1,control,305,33,0.18888888888888888,SESE_M,0,0,
903,BS210,2007,1,control,25,40,0.34375,SESE_M,0,0,
904,BS219,2006,0,chalk,101,19,0.05405405405405406,SESE_M,0,0,
905,BS219,2009,0,chalk,101,19,0.95,SESE_M,0,1,3.951294964
906,BS221,2006,1,sober_chalk,435,30,0.4,SESE_M,0,0,
907,BS221,2010,1,sober_chalk,435,30,0.09375,SESE_M,2,1,1.823221529
908,BS221,2013,1,sober_chalk,435,30,0.16216216216216217,SESE_M,2,1,4.690603488
909,BS221,2018,1,sober_chalk,435,30,0.875,SESE_M,1,1,0.091277671
910,BS221,2023,1,sober_chalk,435,30,0.08695652173913043,SESE_M,1,1,0.049970958
911,BS222,2006,1,sober_chalk,416,37,0.0,SESE_M,0,0,
912,BS222,2009,1,sober_chalk,416,37,1.6,SESE_M,3,1,15.951751996999999
913,BS224,2007,1,sober_chalk,435,31,0.0,SESE_M,0,0,
914,BS224,2009,1,sober_chalk,435,31,1.4,SESE_M,0,1,0.186977542
915,BS224,2010,1,sober_chalk,435,31,0.6666666666666666,SESE_M,2,1,0.175479313
916,BS224,2013,1,sober_chalk,435,31,0.7142857142857143,SESE_M,0,1,0.288494868
917,BS224,2018,1,sober_chalk,435,31,0.8,SESE_M,3,1,0.160267349
918,BS224,2022,1,sober_chalk,435,31,0.4,SESE_M,1,1,0.431872543
919,BS226,2006,1,sober_chalk,474,38,0.1,SESE_M,0,0,
920,BS226,2009,1,sober_chalk,474,38,5.333333333333333,SESE_M,5,1,3.508870479
921,BS226,2018,1,sober_chalk,474,38,2.103448275862069,SESE_M,61,1,10.124251633999998
922,BS226,2023,1,sober_chalk,474,38,0.45161290322580644,SESE_M,12,1,10.693541602999998
923,BS228,2006,1,sober_chalk,600,40,0.0,SESE_M,0,0,
924,BS239,2006,1,control,88,35,0.0,SESE_M,0,0,
925,BS239,2018,1,control,88,35,0.21052631578947367,SESE_M,3,0,0.18864478499999998
926,BS240,2006,1,sober_chalk,305,39,0.3611111111111111,SESE_M,0,0,
927,BS241,2006,1,sober_chalk,361,39,0.08333333333333333,SESE_M,0,0,
928,BS241,2023,1,sober_chalk,361,39,0.1,SESE_M,4,1,2.968603485
929,BS242,2006,1,sober_chalk,403,39,0.25,SESE_M,0,0,
930,BS242,2009,1,sober_chalk,403,39,1.4,SESE_M,2,1,0.0
931,BS242,2010,1,sober_chalk,403,39,1.2,SESE_M,2,1,0.0
932,BS242,2013,1,sober_chalk,403,39,1.2,SESE_M,2,1,0.525203449
933,BS242,2018,1,sober_chalk,403,39,0.16666666666666666,SESE_M,6,1,3.269396937
934,BS242,2022,1,sober_chalk,403,39,0.16666666666666666,SESE_M,0,1,6.792699053
935,BS243,2006,0,sober_chalk,423,27,0.46153846153846156,SESE_M,0,0,
936,BS244,2006,0,sober_chalk,357,35,0.06976744186046512,SESE_M,0,0,
937,BS244,2009,0,sober_chalk,357,35,0.76,SESE_M,11,1,12.63155768
938,BS244,2010,0,sober_chalk,357,35,0.425,SESE_M,13,1,12.63155768
939,BS244,2013,0,sober_chalk,357,35,0.18571428571428572,SESE_M,2,1,12.762546386
940,BS244,2018,0,sober_chalk,357,35,0.7222222222222222,SESE_M,19,1,19.310048523000003
941,BS244,2023,0,sober_chalk,357,35,0.07894736842105263,SESE_M,2,1,19.431094088000002
942,BS247,2006,0,sober_chalk,570,26,0.3181818181818182,SESE_M,0,0,
943,BS247,2009,0,sober_chalk,570,26,0.8709677419354839,SESE_M,43,1,33.864621291
944,BS247,2010,0,sober_chalk,570,26,0.4811320754716981,SESE_M,49,1,34.163972659
945,BS247,2013,0,sober_chalk,570,26,0.1958041958041958,SESE_M,2,1,32.733673736
946,BS247,2018,0,sober_chalk,570,26,0.859375,SESE_M,49,1,4.114019998
947,BS247,2022,0,sober_chalk,570,26,0.42105263157894735,SESE_M,10,1,3.702439591
948,BS249,2006,1,sober_chalk,580,30,0.013071895424836602,SESE_M,0,0,
949,BS249,2009,1,sober_chalk,580,30,2.806451612903226,SESE_M,59,1,15.689741241
950,BS260,2006,1,control,240,11,0.0,SESE_M,0,0,
951,BS265,2006,0,control,200,20,0.10852713178294573,SESE_M,0,0,
952,BS267,2006,1,control,160,37,0.14285714285714285,SESE_M,0,0,
953,BS276,2006,1,chalk,357,22,0.16666666666666666,SESE_M,0,0,
954,BS276,2009,1,chalk,357,22,2.4285714285714284,SESE_M,4,1,0.760218298
955,BS276,2023,1,chalk,357,22,0.2894736842105263,SESE_M,5,1,0.716307669
956,BS277,2007,1,dolan_chalk,262,44,0.18181818181818182,SESE_M,0,0,
957,BS277,2009,1,dolan_chalk,262,44,3.4,SESE_M,2,1,0.987740293
958,BS277,2021,1,dolan_chalk,262,44,4.5,SESE_M,18,1,0.7725567459999999
959,BS278,2006,1,dolan_chalk,384,41,0.13793103448275862,SESE_M,0,0,
960,BS278,2009,1,dolan_chalk,384,41,5.0,SESE_M,5,1,0.0
961,BS278,2010,1,dolan_chalk,384,41,3.8,SESE_M,8,1,0.0
962,BS278,2013,1,dolan_chalk,384,41,1.7142857142857142,SESE_M,4,1,0.0
963,BS278,2018,1,dolan_chalk,384,41,0.42857142857142855,SESE_M,11,1,0.0
964,BS278,2021,1,dolan_chalk,384,41,4.75,SESE_M,5,1,2.1214632079999998
965,BS279,2006,0,dolan_chalk,256,15,0.16,SESE_M,0,0,
966,BS279,2009,0,dolan_chalk,256,15,2.625,SESE_M,8,1,2.910120107
967,BS279,2021,0,dolan_chalk,256,15,2.7142857142857144,SESE_M,71,1,8.6830343
968,BS281,2006,0,dolan,92,33,0.18487394957983194,SESE_M,0,0,
969,BS283,2006,1,chalk,606,33,0.08333333333333333,SESE_M,0,0,
970,BS283,2009,1,chalk,606,33,3.5,SESE_M,4,1,0.0
971,BS283,2010,1,chalk,606,33,0.1276595744680851,SESE_M,4,1,1.918060125
972,BS283,2013,1,chalk,606,33,0.06779661016949153,SESE_M,1,1,5.180326340000001
973,BS283,2018,1,chalk,606,33,0.21428571428571427,SESE_M,9,1,5.221019782
974,BS283,2022,1,chalk,606,33,0.023809523809523808,SESE_M,0,1,5.221019782
975,BS293,2006,1,control,287,21,0.0,SESE_M,0,0,
976,BS295,2007,1,dolan,150,25,0.8461538461538461,SESE_M,0,0,
977,BS295,2009,1,dolan,150,25,0.8461538461538461,SESE_M,0,0,6.015904259
978,BS295,2010,1,dolan,150,25,1.0,SESE_M,0,0,6.015904259
979,BS295,2013,1,dolan,150,25,0.9166666666666666,SESE_M,0,0,6.04514856
980,BS295,2018,1,dolan,150,25,1.0909090909090908,SESE_M,1,0,6.04514856
981,BS295,2021,1,dolan,150,25,0.7,SESE_M,11,1,1.755125219
982,BS296,2006,0,dolan_chalk,590,40,0.0,SESE_M,0,0,
983,BS296,2009,0,dolan_chalk,590,40,0.0,SESE_M,0,1,0.643084016
984,BS296,2021,0,dolan_chalk,590,40,0.07017543859649122,SESE_M,0,1,3.269701211
985,BS297,2006,1,dolan_chalk,618,30,0.3333333333333333,SESE_M,0,0,
986,BS297,2009,1,dolan_chalk,618,30,2.0,SESE_M,5,1,2.417993545
987,BS297,2010,1,dolan_chalk,618,30,1.6666666666666667,SESE_M,7,1,2.417993545
988,BS297,2013,1,dolan_chalk,618,30,0.8333333333333334,SESE_M,0,1,3.0588990229999995
989,BS297,2018,1,dolan_chalk,618,30,0.3333333333333333,SESE_M,2,1,9.720756725
990,BS297,2021,1,dolan_chalk,618,30,0.6,SESE_M,18,1,0.552958308
991,BS299,2006,0,dolan_chalk,199,40,0.09090909090909091,SESE_M,0,0,
992,BS299,2009,0,dolan_chalk,199,40,0.2,SESE_M,0,1,4.400962901
993,BS299,2021,0,dolan_chalk,199,40,1.8571428571428572,SESE_M,2,1,4.066105998
994,BS301,2006,1,dolan_chalk,510,27,0.15789473684210525,SESE_M,0,0,
995,BS301,2009,1,dolan_chalk,510,27,2.8333333333333335,SESE_M,1,1,0.0
996,BS301,2010,1,dolan_chalk,510,27,1.9444444444444444,SESE_M,3,1,0.128086149
997,BS301,2013,1,dolan_chalk,510,27,1.0344827586206897,SESE_M,0,1,0.796718382
998,BS301,2018,1,dolan_chalk,510,27,0.30952380952380953,SESE_M,22,1,5.976655202
999,BS301,2021,1,dolan_chalk,510,27,2.6363636363636362,SESE_M,20,1,0.48341649600000003
1000,BS309,2006,1,dolan_chalk,640,17,0.0,SESE_M,0,0,
1001,BS313,2006,1,control,581,20,0.13157894736842105,SESE_M,0,0,
1002,BS313,2010,1,control,581,20,0.05660377358490566,SESE_M,3,0,37.976233109000006
1003,BS313,2013,1,control,581,20,0.05084745762711865,SESE_M,0,0,38.906092786
1004,BS313,2018,1,control,581,20,0.039473684210526314,SESE_M,0,0,40.483122986000005
1005,BS313,2022,1,control,581,20,0.08333333333333333,SESE_M,0,0,41.920545157
1006,BS338,2006,0,control,599,21,0.2916666666666667,SESE_M,0,0,
1007,BS355,2007,0,sober_chalk,470,33,0.1875,SESE_M,0,0,
1008,BS355,2009,0,sober_chalk,470,33,2.2857142857142856,SESE_M,9,1,0.16847576
1009,BS355,2010,0,sober_chalk,470,33,1.7777777777777777,SESE_M,11,1,0.16847576
1010,BS355,2013,0,sober_chalk,470,33,0.5333333333333333,SESE_M,3,1,0.323853356
1011,BS355,2018,0,sober_chalk,470,33,0.7058823529411765,SESE_M,16,1,2.472934581
1012,BS355,2023,0,sober_chalk,470,33,0.4166666666666667,SESE_M,1,1,2.721801263
1013,BS359,2007,0,sober_chalk,717,37,0.28,SESE_M,0,0,
1014,BS359,2009,0,sober_chalk,717,37,0.6153846153846154,SESE_M,19,1,0.0
1015,BS376,2007,1,control,185,38,0.0,SESE_M,0,0,
1016,BS382,2006,1,dolan_chalk,410,39,0.2777777777777778,SESE_M,0,0,
1017,BS382,2021,1,dolan_chalk,410,39,0.7868852459016393,SESE_M,53,1,0.331415209
1018,BS388,2007,1,dolan,146,24,0.2641509433962264,SESE_M,0,0,
1019,BS388,2018,1,dolan,146,24,0.04838709677419355,SESE_M,11,0,4.562418064
1020,BS388,2021,1,dolan,146,24,3.3333333333333335,SESE_M,29,1,3.586567676
1021,BS389,2006,0,dolan,135,38,0.13636363636363635,SESE_M,0,0,
1022,BS389,2021,0,dolan,135,38,4.0,SESE_M,2,1,1.830286932
1023,BS390,2007,1,sober_chalk,328,27,0.0,SESE_M,0,0,
1024,BS390,2009,1,sober_chalk,328,27,2.0,SESE_M,0,1,1.198154351
1025,BS390,2013,1,sober_chalk,328,27,1.0,SESE_M,1,1,0.543750783
1026,BS390,2022,1,sober_chalk,328,27,0.5,SESE_M,0,1,2.863861648
1027,BS391,2007,1,dolan,203,35,0.07142857142857142,SESE_M,0,0,
1028,BS391,2010,1,dolan,203,35,0.08653846153846154,SESE_M,16,0,7.668196720000001
1029,BS391,2013,1,dolan,203,35,0.08737864077669903,SESE_M,1,0,6.242549791
1030,BS391,2018,1,dolan,203,35,0.12,SESE_M,3,0,6.242549791
1031,BS391,2021,1,dolan,203,35,16.5,SESE_M,39,1,5.825086753000001
1032,BS392,2007,1,dolan,294,29,0.11627906976744186,SESE_M,0,0,
1033,BS392,2009,1,dolan,294,29,0.25142857142857145,SESE_M,5,0,3.473046386
1034,BS392,2010,1,dolan,294,29,0.2542372881355932,SESE_M,5,0,3.473046387
1035,BS392,2013,1,dolan,294,29,0.20555555555555555,SESE_M,6,0,4.119816905
1036,BS392,2018,1,dolan,294,29,0.26666666666666666,SESE_M,4,0,4.119816905
1037,BS392,2021,1,dolan,294,29,6.0,SESE_M,143,1,2.274396843
1038,BS394,2006,1,dolan,382,30,0.03896103896103896,SESE_M,0,0,
1039,BS394,2016,1,dolan,382,30,0.2923076923076923,SESE_M,24,0,0.680098206
1040,BS394,2018,1,dolan,382,30,0.3888888888888889,SESE_M,13,0,0.680098206
1041,BS394,2021,1,dolan,382,30,3.1666666666666665,SESE_M,27,1,0.0
1042,BS407,2006,1,dolan,680,24,0.18181818181818182,SESE_M,0,0,
1043,BS407,2009,1,dolan,680,24,0.22,SESE_M,2,0,7.488390569
1044,BS407,2010,1,dolan,680,24,0.20408163265306123,SESE_M,6,0,10.423273377000001
1045,BS407,2013,1,dolan,680,24,0.1509433962264151,SESE_M,1,0,10.311502383
1046,BS407,2018,1,dolan,680,24,0.14516129032258066,SESE_M,4,0,10.009745615
1047,BS407,2021,1,dolan,680,24,3.230769230769231,SESE_M,20,1,5.333496927
1048,BS412,2006,1,control,209,35,0.75,SESE_M,0,0,
1049,BS412,2009,1,control,209,35,0.5833333333333334,SESE_M,1,0,0.0
1050,BS412,2010,1,control,209,35,0.40350877192982454,SESE_M,0,0,0.0
1051,BS412,2013,1,control,209,35,0.24615384615384617,SESE_M,1,0,0.0
1052,BS412,2018,1,control,209,35,0.12359550561797752,SESE_M,8,0,0.0
1053,BS412,2022,1,control,209,35,0.11428571428571428,SESE_M,0,0,0.065613144
1054,BS416,2007,0,dolan,580,42,0.24074074074074073,SESE_M,0,0,
1055,BS416,2010,0,dolan,580,42,0.22972972972972974,SESE_M,1,0,10.8917895
1056,BS416,2013,0,dolan,580,42,0.12658227848101267,SESE_M,3,0,10.8917895
1057,BS416,2018,0,dolan,580,42,0.09782608695652174,SESE_M,9,0,10.8917895
1058,BS416,2021,0,dolan,580,42,2.9473684210526314,SESE_M,25,1,4.283977216
1059,BS420,2007,0,dolan_chalk,554,31,0.7407407407407407,SESE_M,0,0,
1060,BS420,2009,0,dolan_chalk,554,31,0.8823529411764706,SESE_M,18,1,0.0
1061,BS420,2021,0,dolan_chalk,554,31,1.75,SESE_M,16,1,1.93714475
1062,BS423,2006,0,dolan_chalk,106,41,0.08888888888888889,SESE_M,0,0,
1063,BS423,2009,0,dolan_chalk,106,41,0.7083333333333334,SESE_M,5,1,0.810787002
1064,BS423,2021,0,dolan_chalk,106,41,1.6111111111111112,SESE_M,18,1,1.69532576
1065,BS426,2006,0,dolan_chalk,226,34,0.14285714285714285,SESE_M,0,0,
1066,BS426,2009,0,dolan_chalk,226,34,1.25,SESE_M,0,1,0.423643769
1067,BS426,2010,0,dolan_chalk,226,34,0.5882352941176471,SESE_M,0,1,0.24972657399999998
1068,BS426,2013,0,dolan_chalk,226,34,0.21212121212121213,SESE_M,3,1,1.8592386130000003
1069,BS426,2018,0,dolan_chalk,226,34,0.13513513513513514,SESE_M,4,1,1.5320535190000002
1070,BS426,2021,0,dolan_chalk,226,34,3.875,SESE_M,2,1,0.543707586
1071,BS429,2007,1,sober,351,35,0.0,SESE_M,0,0,
1072,BS429,2009,1,sober,351,35,0.0,SESE_M,0,0,1.945263725
1073,BS429,2010,1,sober,351,35,0.0,SESE_M,0,0,3.400752763
1074,BS429,2013,1,sober,351,35,0.0,SESE_M,0,0,3.416215601
1075,BS429,2018,1,sober,351,35,0.6666666666666666,SESE_M,0,1,9.378417949
1076,BS429,2022,1,sober,351,35,0.0,SESE_M,0,1,10.722914714999998
1077,BS433,2007,1,sober_chalk,350,34,0.2222222222222222,SESE_M,0,0,
1078,BS433,2009,1,sober_chalk,350,34,0.6666666666666666,SESE_M,5,1,0.808830243
1079,BS433,2010,1,sober_chalk,350,34,0.6666666666666666,SESE_M,5,1,0.808830243
1080,BS433,2013,1,sober_chalk,350,34,0.3333333333333333,SESE_M,0,1,0.941531116
1081,BS433,2018,1,sober_chalk,350,34,0.25,SESE_M,1,1,9.006449238
1082,BS433,2022,1,sober_chalk,350,34,0.3333333333333333,SESE_M,0,1,11.016309174
1083,BS457,2007,1,chalk,443,34,0.35294117647058826,SESE_M,0,0,
1084,BS457,2009,1,chalk,443,34,1.3333333333333333,SESE_M,9,1,6.407190841
1085,BS457,2010,1,chalk,443,34,1.3333333333333333,SESE_M,9,1,7.323535475
1086,BS457,2013,1,chalk,443,34,0.6666666666666666,SESE_M,0,1,8.576149609
1087,BS457,2018,1,chalk,443,34,0.14285714285714285,SESE_M,3,1,8.821111369999999
1088,BS457,2022,1,chalk,443,34,0.09090909090909091,SESE_M,2,1,5.455406686
1089,BS469,2007,1,sober,543,35,0.14285714285714285,SESE_M,0,0,
1090,BS474,2006,0,dolan_chalk,289,41,0.13043478260869565,SESE_M,0,0,
1091,BS474,2021,0,dolan_chalk,289,41,0.7407407407407407,SESE_M,23,1,0.0
1092,BS494,2007,1,control,442,32,0.8181818181818182,SESE_M,0,0,
1093,BS494,2010,1,control,442,32,0.6666666666666666,SESE_M,0,0,1.266342894
1094,BS494,2013,1,control,442,32,0.46153846153846156,SESE_M,0,0,1.266342894
1095,BS494,2018,1,control,442,32,0.2,SESE_M,3,0,1.266342894
1096,BS494,2022,1,control,442,32,0.11764705882352941,SESE_M,0,0,1.327668314
1097,BS513,2006,1,dolan,310,33,0.0,SESE_M,0,0,
1098,BS513,2009,1,dolan,310,33,0.0,SESE_M,0,0,1.641837554
1099,BS513,2011,1,dolan,310,33,0.0,SESE_M,0,0,1.620459802
1100,BS513,2014,1,dolan,310,33,0.0,SESE_M,0,0,1.992131772
1101,BS513,2019,1,dolan,310,33,0.3333333333333333,SESE_M,0,0,4.419982062
1102,BS600,2007,1,sober,549,32,0.6,SESE_M,0,0,
1103,BS600,2018,1,sober,549,32,0.6666666666666666,SESE_M,7,1,0.0
1104,BS600,2023,1,sober,549,32,0.2222222222222222,SESE_M,0,1,3.2609408949999996
1105,BS601,2007,1,sober,603,25,0.15384615384615385,SESE_M,0,0,
1106,BS601,2009,1,sober,603,25,0.15384615384615385,SESE_M,0,0,3.566594769
1107,BS601,2010,1,sober,603,25,0.15384615384615385,SESE_M,0,0,3.566594769
1108,BS601,2013,1,sober,603,25,0.08333333333333333,SESE_M,0,0,5.210832657
1109,BS601,2018,1,sober,603,25,0.1320754716981132,SESE_M,5,1,0.795474822
1110,BS601,2022,1,sober,603,25,0.1724137931034483,SESE_M,1,1,0.795474822
1111,BS603,2007,1,sober,491,31,0.0,SESE_M,0,0,
1112,BS603,2009,1,sober,491,31,0.1111111111111111,SESE_M,0,0,24.235228421
1113,BS603,2010,1,sober,491,31,0.0,SESE_M,0,0,26.906213936999997
1114,BS603,2013,1,sober,491,31,0.0,SESE_M,0,0,26.999173671
1115,BS603,2018,1,sober,491,31,0.10526315789473684,SESE_M,5,1,2.2552837300000004
1116,BS603,2022,1,sober,491,31,0.1,SESE_M,5,1,3.942706422
1117,BS604,2007,1,sober,550,33,0.21739130434782608,SESE_M,0,0,
1118,BS604,2018,1,sober,550,33,0.034482758620689655,SESE_M,20,1,0.341385093
1119,BS605,2007,1,control,119,35,0.6,SESE_M,0,0,
1120,BS610,2007,0,dolan_chalk,206,44,0.02631578947368421,SESE_M,0,0,
1121,BS610,2009,0,dolan_chalk,206,44,2.3333333333333335,SESE_M,2,1,6.249071146
1122,BS610,2021,0,dolan_chalk,206,44,2.0,SESE_M,25,1,3.600068478
1123,BS611,2007,1,dolan_chalk,378,35,0.30303030303030304,SESE_M,0,0,
1124,BS611,2009,1,dolan_chalk,378,35,1.3571428571428572,SESE_M,17,1,0.900129127
1125,BS611,2010,1,dolan_chalk,378,35,0.2153846153846154,SESE_M,20,1,1.741643989
1126,BS611,2013,1,dolan_chalk,378,35,0.125,SESE_M,1,1,2.334253952
1127,BS611,2018,1,dolan_chalk,378,35,0.2916666666666667,SESE_M,14,1,2.499433083
1128,BS611,2021,1,dolan_chalk,378,35,18.333333333333332,SESE_M,26,1,1.340542516
1129,BS612,2007,1,dolan_chalk,415,34,0.48333333333333334,SESE_M,0,0,
1130,BS612,2009,1,dolan_chalk,415,34,5.0,SESE_M,48,1,1.430852119
1131,BS612,2021,1,dolan_chalk,415,34,3.5555555555555554,SESE_M,34,1,0.782757145
1132,BS613,2007,1,dolan_chalk,291,40,0.05,SESE_M,0,0,
1133,BS613,2009,1,dolan_chalk,291,40,1.2222222222222223,SESE_M,1,1,0.533253937
1134,BS613,2018,1,dolan_chalk,291,40,0.07692307692307693,SESE_M,1,1,2.498620662
1135,BS613,2021,1,dolan_chalk,291,40,0.17647058823529413,SESE_M,1,1,0.179997551
1136,BS620,2007,1,control,284,36,0.07692307692307693,SESE_M,0,0,
1137,BS621,2007,1,chalk,218,38,0.5416666666666666,SESE_M,0,0,
1138,BS622,2007,1,control,55,38,0.06666666666666667,SESE_M,0,0,
1139,BS623,2007,1,control,341,38,0.6666666666666666,SESE_M,0,0,
1140,BS624,2007,0,control,435,12,0.24651162790697675,SESE_M,0,0,
1141,BS625,2007,1,control,302,0,0.8333333333333334,SESE_M,0,0,
1142,BS626,2007,0,control,357,43,0.948051948051948,SESE_M,0,0,
1143,BS627,2007,1,chalk,119,28,0.0,SESE_M,0,0,
1144,BS627,2009,1,chalk,119,28,1.0,SESE_M,0,1,1.7676324220000001
1145,BS629,2007,1,chalk,373,30,0.1111111111111111,SESE_M,0,0,
1146,BS629,2009,1,chalk,373,30,0.8333333333333334,SESE_M,2,1,0.723562941
1147,BS629,2018,1,chalk,373,30,0.11235955056179775,SESE_M,7,1,3.5249473429999996
1148,BS632,2007,0,sober_chalk,499,19,0.19047619047619047,SESE_M,0,0,
1149,BS632,2009,0,sober_chalk,499,19,1.0,SESE_M,3,1,16.022526616
1150,BS632,2018,0,sober_chalk,499,19,1.027027027027027,SESE_M,10,1,4.12571805
1151,BS632,2023,0,sober_chalk,499,19,0.24242424242424243,SESE_M,6,1,4.340840099
