,BS_plot,SampleYear,p_ram,group,fire_status,elevation,slope,dead_live_ratio,SE Class,stem_count,fire_presence
0,BS002,2006,1,control,No Fire,359,33,0.0625,SESE_D,1,0
1,BS002,2010,1,control,No Fire,359,33,0.1875,SESE_D,3,0
2,BS002,2013,1,control,No Fire,359,33,0.1111111111111111,SESE_D,2,0
3,BS002,2018,1,control,No Fire,359,33,0.17647058823529413,SESE_D,3,0
4,BS002,2022,1,control,No Fire,359,33,0.23076923076923078,SESE_D,3,0
26,BS027,2006,1,control,No Fire,244,41,0.18181818181818182,SESE_D,2,0
27,BS027,2009,1,control,No Fire,244,41,0.15384615384615385,SESE_D,2,0
28,BS027,2010,1,control,No Fire,244,41,0.15384615384615385,SESE_D,2,0
29,BS027,2013,1,control,No Fire,244,41,0.15384615384615385,SESE_D,2,0
30,BS027,2018,1,control,No Fire,244,41,0.25,SESE_D,3,0
31,BS027,2022,1,control,No Fire,244,41,0.25,SESE_D,3,0
39,BS038,2007,1,dolan,Fire,553,33,0.22580645161290322,SESE_D,7,0
40,BS038,2021,1,dolan,Fire,553,33,6.666666666666667,SESE_D,20,1
46,BS045,2007,1,dolan_chalk,Fire,478,39,0.12,SESE_D,3,0
47,BS045,2009,1,dolan_chalk,Fire,478,39,1.8571428571428572,SESE_D,13,1
60,BS048,2007,0,dolan_chalk,Fire,475,20,0.1875,SESE_D,3,0
61,BS048,2009,0,dolan_chalk,Fire,475,20,0.35714285714285715,SESE_D,5,1
62,BS048,2021,0,dolan_chalk,Fire,475,20,0.0,SESE_D,0,1
63,BS050,2007,0,dolan_chalk,Fire,670,18,0.12162162162162163,SESE_D,9,0
64,BS050,2009,0,dolan_chalk,Fire,670,18,0.7450980392156863,SESE_D,38,1
65,BS050,2021,0,dolan_chalk,Fire,670,18,1.7857142857142858,SESE_D,25,1
66,BS052,2007,0,dolan_chalk,Fire,541,32,0.24242424242424243,SESE_D,16,0
67,BS052,2009,0,dolan_chalk,Fire,541,32,3.4,SESE_D,34,1
68,BS052,2010,0,dolan_chalk,Fire,541,32,3.2222222222222223,SESE_D,29,1
69,BS052,2013,0,dolan_chalk,Fire,541,32,0.3617021276595745,SESE_D,17,1
70,BS052,2018,0,dolan_chalk,Fire,541,32,0.26229508196721313,SESE_D,16,1
71,BS052,2021,0,dolan_chalk,Fire,541,32,5.3,SESE_D,53,1
72,BS053,2007,1,dolan_chalk,Fire,317,38,0.42857142857142855,SESE_D,6,0
73,BS053,2009,1,dolan_chalk,Fire,317,38,0.3333333333333333,SESE_D,2,1
74,BS053,2010,1,dolan_chalk,Fire,317,38,0.06666666666666667,SESE_D,1,1
75,BS053,2013,1,dolan_chalk,Fire,317,38,0.034482758620689655,SESE_D,2,1
76,BS053,2018,1,dolan_chalk,Fire,317,38,0.015625,SESE_D,1,1
77,BS053,2021,1,dolan_chalk,Fire,317,38,5.2,SESE_D,26,1
86,BS058,2007,0,dolan,Fire,744,25,0.09558823529411764,SESE_D,13,0
87,BS058,2009,0,dolan,Fire,744,25,0.09375,SESE_D,15,0
88,BS058,2010,0,dolan,Fire,744,25,0.08383233532934131,SESE_D,14,0
89,BS058,2013,0,dolan,Fire,744,25,0.15,SESE_D,24,0
90,BS058,2018,0,dolan,Fire,744,25,0.4122137404580153,SESE_D,54,0
91,BS058,2021,0,dolan,Fire,744,25,0.9032258064516129,SESE_D,56,1
92,BS059,2007,0,dolan,Fire,630,40,0.14516129032258066,SESE_D,9,0
93,BS059,2021,0,dolan,Fire,630,40,0.28688524590163933,SESE_D,35,1
128,BS081,2006,1,sober,Fire,308,23,0.16216216216216217,SESE_D,6,0
129,BS081,2018,1,sober,Fire,308,23,0.34782608695652173,SESE_D,24,1
130,BS081,2023,1,sober,Fire,308,23,0.3235294117647059,SESE_D,22,1
132,BS084,2006,1,sober,Fire,432,36,0.0,SESE_D,0,0
133,BS084,2010,1,sober,Fire,432,36,0.17647058823529413,SESE_D,3,0
134,BS084,2013,1,sober,Fire,432,36,0.16666666666666666,SESE_D,3,0
135,BS084,2018,1,sober,Fire,432,36,0.19148936170212766,SESE_D,9,1
136,BS084,2022,1,sober,Fire,432,36,0.09090909090909091,SESE_D,3,1
142,BS086,2006,1,sober,Fire,578,28,0.0,SESE_D,0,0
143,BS086,2018,1,sober,Fire,578,28,0.07894736842105263,SESE_D,3,1
144,BS086,2023,1,sober,Fire,578,28,0.11538461538461539,SESE_D,3,1
145,BS087,2006,1,control,No Fire,508,27,0.38095238095238093,SESE_D,8,0
155,BS098,2007,1,sober,Fire,478,39,0.65,SESE_D,13,0
156,BS098,2018,1,sober,Fire,478,39,0.2903225806451613,SESE_D,9,1
157,BS098,2023,1,sober,Fire,478,39,0.19047619047619047,SESE_D,8,1
162,BS118,2006,1,sober,Fire,412,28,0.0,SESE_D,0,0
167,BS123,2006,1,sober,Fire,293,17,0.0,SESE_D,0,0
168,BS123,2018,1,sober,Fire,293,17,0.75,SESE_D,3,1
169,BS123,2023,1,sober,Fire,293,17,0.25,SESE_D,1,1
170,BS124,2006,1,sober,Fire,353,23,0.0,SESE_D,0,0
171,BS124,2009,1,sober,Fire,353,23,0.0625,SESE_D,1,0
172,BS124,2010,1,sober,Fire,353,23,0.0,SESE_D,0,0
173,BS124,2013,1,sober,Fire,353,23,0.0,SESE_D,0,0
174,BS124,2018,1,sober,Fire,353,23,0.7,SESE_D,7,1
175,BS124,2023,1,sober,Fire,353,23,0.1,SESE_D,1,1
176,BS125,2006,1,control,No Fire,380,20,0.06818181818181818,SESE_D,3,0
182,BS129,2006,1,control,No Fire,340,25,0.0,SESE_D,0,0
183,BS130,2006,1,control,No Fire,242,3,0.25,SESE_D,8,0
184,BS130,2009,1,control,No Fire,242,3,0.3225806451612903,SESE_D,10,0
185,BS130,2010,1,control,No Fire,242,3,0.25,SESE_D,8,0
186,BS130,2013,1,control,No Fire,242,3,0.3333333333333333,SESE_D,10,0
187,BS130,2018,1,control,No Fire,242,3,0.23333333333333334,SESE_D,7,0
188,BS131,2006,1,control,No Fire,223,25,0.34375,SESE_D,22,0
189,BS131,2009,1,control,No Fire,223,25,0.43548387096774194,SESE_D,27,0
190,BS131,2010,1,control,No Fire,223,25,0.45901639344262296,SESE_D,28,0
191,BS131,2013,1,control,No Fire,223,25,0.4166666666666667,SESE_D,25,0
192,BS131,2018,1,control,No Fire,223,25,0.43636363636363634,SESE_D,24,0
200,BS134,2006,1,sober,Fire,513,27,0.1111111111111111,SESE_D,1,0
201,BS134,2018,1,sober,Fire,513,27,0.16,SESE_D,4,1
202,BS134,2023,1,sober,Fire,513,27,0.0,SESE_D,0,1
203,BS135,2006,1,sober,Fire,433,27,0.3064516129032258,SESE_D,19,0
204,BS137,2006,1,control,No Fire,258,18,0.0,SESE_D,0,0
208,BS140,2007,1,sober,Fire,293,15,0.0,SESE_D,0,0
209,BS140,2009,1,sober,Fire,293,15,0.08695652173913043,SESE_D,2,0
210,BS140,2010,1,sober,Fire,293,15,0.08695652173913043,SESE_D,2,0
211,BS140,2013,1,sober,Fire,293,15,0.13043478260869565,SESE_D,3,0
212,BS140,2018,1,sober,Fire,293,15,0.625,SESE_D,10,1
213,BS140,2022,1,sober,Fire,293,15,0.5384615384615384,SESE_D,7,1
227,BS147,2006,1,sober,Fire,399,36,0.0,SESE_D,0,0
228,BS147,2009,1,sober,Fire,399,36,0.14285714285714285,SESE_D,1,0
229,BS147,2010,1,sober,Fire,399,36,0.14285714285714285,SESE_D,1,0
230,BS147,2013,1,sober,Fire,399,36,0.14285714285714285,SESE_D,1,0
231,BS147,2018,1,sober,Fire,399,36,0.05154639175257732,SESE_D,5,1
232,BS147,2022,1,sober,Fire,399,36,0.25,SESE_D,6,1
244,BS151,2006,1,sober,Fire,490,10,0.16666666666666666,SESE_D,5,0
245,BS152,2006,1,sober,Fire,389,18,0.019230769230769232,SESE_D,1,0
246,BS156,2007,1,sober_chalk,Fire,403,34,0.5333333333333333,SESE_D,16,0
247,BS156,2009,1,sober_chalk,Fire,403,34,2.0,SESE_D,18,1
248,BS156,2018,1,sober_chalk,Fire,403,34,1.4912280701754386,SESE_D,85,1
249,BS157,2007,1,sober_chalk,Fire,325,23,0.20454545454545456,SESE_D,9,0
260,BS160,2007,0,sober_chalk,Fire,386,38,0.16666666666666666,SESE_D,2,0
261,BS160,2009,0,sober_chalk,Fire,386,38,0.3333333333333333,SESE_D,3,1
262,BS160,2010,0,sober_chalk,Fire,386,38,0.1,SESE_D,4,1
263,BS160,2013,0,sober_chalk,Fire,386,38,0.08620689655172414,SESE_D,5,1
264,BS160,2018,0,sober_chalk,Fire,386,38,0.5576923076923077,SESE_D,29,1
265,BS160,2022,0,sober_chalk,Fire,386,38,0.2,SESE_D,6,1
269,BS165,2007,0,sober_chalk,Fire,287,10,0.0625,SESE_D,1,0
270,BS165,2009,0,sober_chalk,Fire,287,10,0.5833333333333334,SESE_D,7,1
271,BS165,2010,0,sober_chalk,Fire,287,10,0.5,SESE_D,6,1
272,BS165,2013,0,sober_chalk,Fire,287,10,0.4166666666666667,SESE_D,5,1
273,BS165,2018,0,sober_chalk,Fire,287,10,0.09090909090909091,SESE_D,1,1
274,BS165,2022,0,sober_chalk,Fire,287,10,0.0,SESE_D,0,1
275,BS166,2007,0,sober_chalk,Fire,352,25,0.0,SESE_D,0,0
276,BS166,2009,0,sober_chalk,Fire,352,25,1.0,SESE_D,6,1
277,BS166,2018,0,sober_chalk,Fire,352,25,0.42857142857142855,SESE_D,3,1
278,BS166,2023,0,sober_chalk,Fire,352,25,0.125,SESE_D,1,1
279,BS167,2007,1,sober_chalk,Fire,409,36,0.10526315789473684,SESE_D,2,0
280,BS168,2007,1,sober_chalk,Fire,317,35,0.0,SESE_D,0,0
281,BS168,2009,1,sober_chalk,Fire,317,35,0.6,SESE_D,3,1
282,BS168,2018,1,sober_chalk,Fire,317,35,0.5,SESE_D,2,1
283,BS168,2023,1,sober_chalk,Fire,317,35,0.0,SESE_D,0,1
291,BS177,2007,1,sober_chalk,Fire,540,36,0.11764705882352941,SESE_D,4,0
292,BS186,2006,1,control,No Fire,235,22,0.25,SESE_D,5,0
293,BS187,2006,1,chalk,Fire,114,16,0.2631578947368421,SESE_D,5,0
294,BS187,2009,1,chalk,Fire,114,16,1.625,SESE_D,13,1
295,BS187,2010,1,chalk,Fire,114,16,0.36363636363636365,SESE_D,12,1
296,BS187,2013,1,chalk,Fire,114,16,0.3541666666666667,SESE_D,17,1
297,BS187,2018,1,chalk,Fire,114,16,0.38461538461538464,SESE_D,20,1
298,BS187,2022,1,chalk,Fire,114,16,0.2727272727272727,SESE_D,9,1
303,BS190,2006,1,chalk,Fire,79,8,0.0,SESE_D,0,0
304,BS190,2009,1,chalk,Fire,79,8,0.2,SESE_D,2,1
305,BS190,2018,1,chalk,Fire,79,8,0.3103448275862069,SESE_D,9,1
308,BS193,2023,1,sober_chalk,Fire,413,27,0.0,SESE_D,0,1
339,BS207,2006,1,control,No Fire,305,33,0.18888888888888888,SESE_D,17,0
340,BS210,2007,1,control,No Fire,25,40,0.34375,SESE_D,11,0
349,BS219,2006,0,chalk,Fire,101,19,0.05405405405405406,SESE_D,2,0
350,BS219,2009,0,chalk,Fire,101,19,0.95,SESE_D,19,1
354,BS221,2006,1,sober_chalk,Fire,435,30,0.4,SESE_D,2,0
356,BS221,2010,1,sober_chalk,Fire,435,30,0.09375,SESE_D,3,1
357,BS221,2013,1,sober_chalk,Fire,435,30,0.16216216216216217,SESE_D,6,1
358,BS221,2018,1,sober_chalk,Fire,435,30,0.875,SESE_D,21,1
359,BS221,2023,1,sober_chalk,Fire,435,30,0.08695652173913043,SESE_D,2,1
360,BS222,2006,1,sober_chalk,Fire,416,37,0.0,SESE_D,0,0
361,BS222,2009,1,sober_chalk,Fire,416,37,1.6,SESE_D,8,1
363,BS224,2007,1,sober_chalk,Fire,435,31,0.0,SESE_D,0,0
364,BS224,2009,1,sober_chalk,Fire,435,31,1.4,SESE_D,7,1
365,BS224,2010,1,sober_chalk,Fire,435,31,0.6666666666666666,SESE_D,4,1
366,BS224,2013,1,sober_chalk,Fire,435,31,0.7142857142857143,SESE_D,5,1
367,BS224,2018,1,sober_chalk,Fire,435,31,0.8,SESE_D,4,1
368,BS224,2022,1,sober_chalk,Fire,435,31,0.4,SESE_D,2,1
369,BS226,2006,1,sober_chalk,Fire,474,38,0.1,SESE_D,6,0
370,BS226,2009,1,sober_chalk,Fire,474,38,5.333333333333333,SESE_D,64,1
371,BS226,2018,1,sober_chalk,Fire,474,38,2.103448275862069,SESE_D,61,1
372,BS226,2023,1,sober_chalk,Fire,474,38,0.45161290322580644,SESE_D,14,1
373,BS228,2006,1,sober_chalk,Fire,600,40,0.0,SESE_D,0,0
392,BS239,2006,1,control,No Fire,88,35,0.0,SESE_D,0,0
393,BS239,2018,1,control,No Fire,88,35,0.21052631578947367,SESE_D,4,0
394,BS240,2006,1,sober_chalk,Fire,305,39,0.3611111111111111,SESE_D,13,0
395,BS241,2006,1,sober_chalk,Fire,361,39,0.08333333333333333,SESE_D,1,0
396,BS241,2023,1,sober_chalk,Fire,361,39,0.1,SESE_D,1,1
397,BS242,2006,1,sober_chalk,Fire,403,39,0.25,SESE_D,3,0
398,BS242,2009,1,sober_chalk,Fire,403,39,1.4,SESE_D,7,1
399,BS242,2010,1,sober_chalk,Fire,403,39,1.2,SESE_D,6,1
400,BS242,2013,1,sober_chalk,Fire,403,39,1.2,SESE_D,6,1
401,BS242,2018,1,sober_chalk,Fire,403,39,0.16666666666666666,SESE_D,1,1
402,BS242,2022,1,sober_chalk,Fire,403,39,0.16666666666666666,SESE_D,1,1
403,BS243,2006,0,sober_chalk,Fire,423,27,0.46153846153846156,SESE_D,6,0
404,BS244,2006,0,sober_chalk,Fire,357,35,0.06976744186046512,SESE_D,3,0
405,BS244,2009,0,sober_chalk,Fire,357,35,0.76,SESE_D,19,1
406,BS244,2010,0,sober_chalk,Fire,357,35,0.425,SESE_D,17,1
407,BS244,2013,0,sober_chalk,Fire,357,35,0.18571428571428572,SESE_D,13,1
408,BS244,2018,0,sober_chalk,Fire,357,35,0.7222222222222222,SESE_D,39,1
409,BS244,2023,0,sober_chalk,Fire,357,35,0.07894736842105263,SESE_D,3,1
416,BS247,2006,0,sober_chalk,Fire,570,26,0.3181818181818182,SESE_D,28,0
417,BS247,2009,0,sober_chalk,Fire,570,26,0.8709677419354839,SESE_D,54,1
418,BS247,2010,0,sober_chalk,Fire,570,26,0.4811320754716981,SESE_D,51,1
419,BS247,2013,0,sober_chalk,Fire,570,26,0.1958041958041958,SESE_D,28,1
420,BS247,2018,0,sober_chalk,Fire,570,26,0.859375,SESE_D,110,1
421,BS247,2022,0,sober_chalk,Fire,570,26,0.42105263157894735,SESE_D,24,1
423,BS249,2006,1,sober_chalk,Fire,580,30,0.013071895424836602,SESE_D,2,0
424,BS249,2009,1,sober_chalk,Fire,580,30,2.806451612903226,SESE_D,87,1
437,BS260,2006,1,control,No Fire,240,11,0.0,SESE_D,0,0
439,BS265,2006,0,control,No Fire,200,20,0.10852713178294573,SESE_D,14,0
440,BS267,2006,1,control,No Fire,160,37,0.14285714285714285,SESE_D,4,0
459,BS276,2006,1,chalk,Fire,357,22,0.16666666666666666,SESE_D,4,0
460,BS276,2009,1,chalk,Fire,357,22,2.4285714285714284,SESE_D,17,1
461,BS276,2023,1,chalk,Fire,357,22,0.2894736842105263,SESE_D,11,1
462,BS277,2007,1,dolan_chalk,Fire,262,44,0.18181818181818182,SESE_D,4,0
463,BS277,2009,1,dolan_chalk,Fire,262,44,3.4,SESE_D,17,1
464,BS277,2021,1,dolan_chalk,Fire,262,44,4.5,SESE_D,63,1
465,BS278,2006,1,dolan_chalk,Fire,384,41,0.13793103448275862,SESE_D,4,0
466,BS278,2009,1,dolan_chalk,Fire,384,41,5.0,SESE_D,25,1
467,BS278,2010,1,dolan_chalk,Fire,384,41,3.8,SESE_D,19,1
468,BS278,2013,1,dolan_chalk,Fire,384,41,1.7142857142857142,SESE_D,12,1
469,BS278,2018,1,dolan_chalk,Fire,384,41,0.42857142857142855,SESE_D,6,1
470,BS278,2021,1,dolan_chalk,Fire,384,41,4.75,SESE_D,19,1
471,BS279,2006,0,dolan_chalk,Fire,256,15,0.16,SESE_D,12,0
472,BS279,2009,0,dolan_chalk,Fire,256,15,2.625,SESE_D,63,1
473,BS279,2021,0,dolan_chalk,Fire,256,15,2.7142857142857144,SESE_D,38,1
474,BS281,2006,0,dolan,Fire,92,33,0.18487394957983194,SESE_D,22,0
481,BS283,2006,1,chalk,Fire,606,33,0.08333333333333333,SESE_D,1,0
482,BS283,2009,1,chalk,Fire,606,33,3.5,SESE_D,7,1
483,BS283,2010,1,chalk,Fire,606,33,0.1276595744680851,SESE_D,6,1
484,BS283,2013,1,chalk,Fire,606,33,0.06779661016949153,SESE_D,4,1
485,BS283,2018,1,chalk,Fire,606,33,0.21428571428571427,SESE_D,12,1
486,BS283,2022,1,chalk,Fire,606,33,0.023809523809523808,SESE_D,1,1
492,BS293,2006,1,control,No Fire,287,21,0.0,SESE_D,0,0
494,BS295,2007,1,dolan,Fire,150,25,0.8461538461538461,SESE_D,11,0
495,BS295,2009,1,dolan,Fire,150,25,0.8461538461538461,SESE_D,11,0
496,BS295,2010,1,dolan,Fire,150,25,1.0,SESE_D,11,0
497,BS295,2013,1,dolan,Fire,150,25,0.9166666666666666,SESE_D,11,0
498,BS295,2018,1,dolan,Fire,150,25,1.0909090909090908,SESE_D,12,0
499,BS295,2021,1,dolan,Fire,150,25,0.7,SESE_D,7,1
500,BS296,2006,0,dolan_chalk,Fire,590,40,0.0,SESE_D,0,0
501,BS296,2009,0,dolan_chalk,Fire,590,40,0.0,SESE_D,0,1
502,BS296,2021,0,dolan_chalk,Fire,590,40,0.07017543859649122,SESE_D,4,1
503,BS297,2006,1,dolan_chalk,Fire,618,30,0.3333333333333333,SESE_D,5,0
504,BS297,2009,1,dolan_chalk,Fire,618,30,2.0,SESE_D,10,1
505,BS297,2010,1,dolan_chalk,Fire,618,30,1.6666666666666667,SESE_D,10,1
506,BS297,2013,1,dolan_chalk,Fire,618,30,0.8333333333333334,SESE_D,10,1
507,BS297,2018,1,dolan_chalk,Fire,618,30,0.3333333333333333,SESE_D,7,1
508,BS297,2021,1,dolan_chalk,Fire,618,30,0.6,SESE_D,6,1
509,BS299,2006,0,dolan_chalk,Fire,199,40,0.09090909090909091,SESE_D,1,0
510,BS299,2009,0,dolan_chalk,Fire,199,40,0.2,SESE_D,2,1
511,BS299,2021,0,dolan_chalk,Fire,199,40,1.8571428571428572,SESE_D,13,1
512,BS301,2006,1,dolan_chalk,Fire,510,27,0.15789473684210525,SESE_D,6,0
513,BS301,2009,1,dolan_chalk,Fire,510,27,2.8333333333333335,SESE_D,34,1
514,BS301,2010,1,dolan_chalk,Fire,510,27,1.9444444444444444,SESE_D,35,1
515,BS301,2013,1,dolan_chalk,Fire,510,27,1.0344827586206897,SESE_D,30,1
516,BS301,2018,1,dolan_chalk,Fire,510,27,0.30952380952380953,SESE_D,13,1
517,BS301,2021,1,dolan_chalk,Fire,510,27,2.6363636363636362,SESE_D,29,1
531,BS309,2006,1,dolan_chalk,Fire,640,17,0.0,SESE_D,0,0
539,BS313,2006,1,control,No Fire,581,20,0.13157894736842105,SESE_D,5,0
540,BS313,2010,1,control,No Fire,581,20,0.05660377358490566,SESE_D,3,0
541,BS313,2013,1,control,No Fire,581,20,0.05084745762711865,SESE_D,3,0
542,BS313,2018,1,control,No Fire,581,20,0.039473684210526314,SESE_D,3,0
543,BS313,2022,1,control,No Fire,581,20,0.08333333333333333,SESE_D,3,0
578,BS338,2006,0,control,No Fire,599,21,0.2916666666666667,SESE_D,7,0
579,BS355,2007,0,sober_chalk,Fire,470,33,0.1875,SESE_D,6,0
580,BS355,2009,0,sober_chalk,Fire,470,33,2.2857142857142856,SESE_D,16,1
581,BS355,2010,0,sober_chalk,Fire,470,33,1.7777777777777777,SESE_D,16,1
582,BS355,2013,0,sober_chalk,Fire,470,33,0.5333333333333333,SESE_D,8,1
583,BS355,2018,0,sober_chalk,Fire,470,33,0.7058823529411765,SESE_D,12,1
584,BS355,2023,0,sober_chalk,Fire,470,33,0.4166666666666667,SESE_D,5,1
587,BS359,2007,0,sober_chalk,Fire,717,37,0.28,SESE_D,7,0
588,BS359,2009,0,sober_chalk,Fire,717,37,0.6153846153846154,SESE_D,8,1
599,BS376,2007,1,control,No Fire,185,38,0.0,SESE_D,0,0
605,BS382,2006,1,dolan_chalk,Fire,410,39,0.2777777777777778,SESE_D,15,0
606,BS382,2021,1,dolan_chalk,Fire,410,39,0.7868852459016393,SESE_D,48,1
615,BS388,2007,1,dolan,Fire,146,24,0.2641509433962264,SESE_D,14,0
616,BS388,2018,1,dolan,Fire,146,24,0.04838709677419355,SESE_D,3,0
617,BS388,2021,1,dolan,Fire,146,24,3.3333333333333335,SESE_D,30,1
618,BS389,2006,0,dolan,Fire,135,38,0.13636363636363635,SESE_D,3,0
619,BS389,2021,0,dolan,Fire,135,38,4.0,SESE_D,24,1
620,BS390,2007,1,sober_chalk,Fire,328,27,0.0,SESE_D,0,0
621,BS390,2009,1,sober_chalk,Fire,328,27,2.0,SESE_D,2,1
623,BS390,2013,1,sober_chalk,Fire,328,27,1.0,SESE_D,1,1
625,BS390,2022,1,sober_chalk,Fire,328,27,0.5,SESE_D,1,1
626,BS391,2007,1,dolan,Fire,203,35,0.07142857142857142,SESE_D,8,0
627,BS391,2010,1,dolan,Fire,203,35,0.08653846153846154,SESE_D,9,0
628,BS391,2013,1,dolan,Fire,203,35,0.08737864077669903,SESE_D,9,0
629,BS391,2018,1,dolan,Fire,203,35,0.12,SESE_D,12,0
630,BS391,2021,1,dolan,Fire,203,35,16.5,SESE_D,66,1
631,BS392,2007,1,dolan,Fire,294,29,0.11627906976744186,SESE_D,20,0
632,BS392,2009,1,dolan,Fire,294,29,0.25142857142857145,SESE_D,44,0
633,BS392,2010,1,dolan,Fire,294,29,0.2542372881355932,SESE_D,45,0
634,BS392,2013,1,dolan,Fire,294,29,0.20555555555555555,SESE_D,37,0
635,BS392,2018,1,dolan,Fire,294,29,0.26666666666666666,SESE_D,44,0
636,BS392,2021,1,dolan,Fire,294,29,6.0,SESE_D,72,1
639,BS394,2006,1,dolan,Fire,382,30,0.03896103896103896,SESE_D,3,0
640,BS394,2016,1,dolan,Fire,382,30,0.2923076923076923,SESE_D,19,0
641,BS394,2018,1,dolan,Fire,382,30,0.3888888888888889,SESE_D,21,0
642,BS394,2021,1,dolan,Fire,382,30,3.1666666666666665,SESE_D,38,1
646,BS407,2006,1,dolan,Fire,680,24,0.18181818181818182,SESE_D,6,0
647,BS407,2009,1,dolan,Fire,680,24,0.22,SESE_D,11,0
648,BS407,2010,1,dolan,Fire,680,24,0.20408163265306123,SESE_D,10,0
649,BS407,2013,1,dolan,Fire,680,24,0.1509433962264151,SESE_D,8,0
650,BS407,2018,1,dolan,Fire,680,24,0.14516129032258066,SESE_D,9,0
651,BS407,2021,1,dolan,Fire,680,24,3.230769230769231,SESE_D,42,1
654,BS412,2006,1,control,No Fire,209,35,0.75,SESE_D,21,0
655,BS412,2009,1,control,No Fire,209,35,0.5833333333333334,SESE_D,21,0
656,BS412,2010,1,control,No Fire,209,35,0.40350877192982454,SESE_D,23,0
657,BS412,2013,1,control,No Fire,209,35,0.24615384615384617,SESE_D,16,0
658,BS412,2018,1,control,No Fire,209,35,0.12359550561797752,SESE_D,11,0
659,BS412,2022,1,control,No Fire,209,35,0.11428571428571428,SESE_D,8,0
666,BS416,2007,0,dolan,Fire,580,42,0.24074074074074073,SESE_D,13,0
667,BS416,2010,0,dolan,Fire,580,42,0.22972972972972974,SESE_D,17,0
668,BS416,2013,0,dolan,Fire,580,42,0.12658227848101267,SESE_D,10,0
669,BS416,2018,0,dolan,Fire,580,42,0.09782608695652174,SESE_D,9,0
670,BS416,2021,0,dolan,Fire,580,42,2.9473684210526314,SESE_D,56,1
671,BS420,2007,0,dolan_chalk,Fire,554,31,0.7407407407407407,SESE_D,20,0
672,BS420,2009,0,dolan_chalk,Fire,554,31,0.8823529411764706,SESE_D,15,1
673,BS420,2021,0,dolan_chalk,Fire,554,31,1.75,SESE_D,14,1
674,BS423,2006,0,dolan_chalk,Fire,106,41,0.08888888888888889,SESE_D,4,0
675,BS423,2009,0,dolan_chalk,Fire,106,41,0.7083333333333334,SESE_D,17,1
676,BS423,2021,0,dolan_chalk,Fire,106,41,1.6111111111111112,SESE_D,29,1
678,BS426,2006,0,dolan_chalk,Fire,226,34,0.14285714285714285,SESE_D,2,0
679,BS426,2009,0,dolan_chalk,Fire,226,34,1.25,SESE_D,10,1
680,BS426,2010,0,dolan_chalk,Fire,226,34,0.5882352941176471,SESE_D,10,1
681,BS426,2013,0,dolan_chalk,Fire,226,34,0.21212121212121213,SESE_D,7,1
682,BS426,2018,0,dolan_chalk,Fire,226,34,0.13513513513513514,SESE_D,5,1
683,BS426,2021,0,dolan_chalk,Fire,226,34,3.875,SESE_D,31,1
687,BS429,2007,1,sober,Fire,351,35,0.0,SESE_D,0,0
688,BS429,2009,1,sober,Fire,351,35,0.0,SESE_D,0,0
689,BS429,2010,1,sober,Fire,351,35,0.0,SESE_D,0,0
690,BS429,2013,1,sober,Fire,351,35,0.0,SESE_D,0,0
691,BS429,2018,1,sober,Fire,351,35,0.6666666666666666,SESE_D,2,1
692,BS429,2022,1,sober,Fire,351,35,0.0,SESE_D,0,1
695,BS433,2007,1,sober_chalk,Fire,350,34,0.2222222222222222,SESE_D,2,0
696,BS433,2009,1,sober_chalk,Fire,350,34,0.6666666666666666,SESE_D,2,1
697,BS433,2010,1,sober_chalk,Fire,350,34,0.6666666666666666,SESE_D,2,1
698,BS433,2013,1,sober_chalk,Fire,350,34,0.3333333333333333,SESE_D,1,1
699,BS433,2018,1,sober_chalk,Fire,350,34,0.25,SESE_D,1,1
700,BS433,2022,1,sober_chalk,Fire,350,34,0.3333333333333333,SESE_D,1,1
709,BS457,2007,1,chalk,Fire,443,34,0.35294117647058826,SESE_D,6,0
710,BS457,2009,1,chalk,Fire,443,34,1.3333333333333333,SESE_D,8,1
711,BS457,2010,1,chalk,Fire,443,34,1.3333333333333333,SESE_D,8,1
712,BS457,2013,1,chalk,Fire,443,34,0.6666666666666666,SESE_D,6,1
713,BS457,2018,1,chalk,Fire,443,34,0.14285714285714285,SESE_D,4,1
714,BS457,2022,1,chalk,Fire,443,34,0.09090909090909091,SESE_D,1,1
723,BS469,2007,1,sober,Fire,543,35,0.14285714285714285,SESE_D,1,0
725,BS474,2006,0,dolan_chalk,Fire,289,41,0.13043478260869565,SESE_D,6,0
726,BS474,2021,0,dolan_chalk,Fire,289,41,0.7407407407407407,SESE_D,20,1
730,BS494,2007,1,control,No Fire,442,32,0.8181818181818182,SESE_D,9,0
731,BS494,2010,1,control,No Fire,442,32,0.6666666666666666,SESE_D,8,0
732,BS494,2013,1,control,No Fire,442,32,0.46153846153846156,SESE_D,6,0
733,BS494,2018,1,control,No Fire,442,32,0.2,SESE_D,6,0
734,BS494,2022,1,control,No Fire,442,32,0.11764705882352941,SESE_D,4,0
742,BS513,2006,1,dolan,Fire,310,33,0.0,SESE_D,0,0
743,BS513,2009,1,dolan,Fire,310,33,0.0,SESE_D,0,0
744,BS513,2011,1,dolan,Fire,310,33,0.0,SESE_D,0,0
745,BS513,2014,1,dolan,Fire,310,33,0.0,SESE_D,0,0
746,BS513,2019,1,dolan,Fire,310,33,0.3333333333333333,SESE_D,1,0
758,BS600,2007,1,sober,Fire,549,32,0.6,SESE_D,6,0
759,BS600,2018,1,sober,Fire,549,32,0.6666666666666666,SESE_D,4,1
760,BS600,2023,1,sober,Fire,549,32,0.2222222222222222,SESE_D,2,1
761,BS601,2007,1,sober,Fire,603,25,0.15384615384615385,SESE_D,2,0
762,BS601,2009,1,sober,Fire,603,25,0.15384615384615385,SESE_D,2,0
763,BS601,2010,1,sober,Fire,603,25,0.15384615384615385,SESE_D,2,0
764,BS601,2013,1,sober,Fire,603,25,0.08333333333333333,SESE_D,1,0
765,BS601,2018,1,sober,Fire,603,25,0.1320754716981132,SESE_D,7,1
766,BS601,2022,1,sober,Fire,603,25,0.1724137931034483,SESE_D,5,1
767,BS603,2007,1,sober,Fire,491,31,0.0,SESE_D,0,0
768,BS603,2009,1,sober,Fire,491,31,0.1111111111111111,SESE_D,1,0
769,BS603,2010,1,sober,Fire,491,31,0.0,SESE_D,0,0
770,BS603,2013,1,sober,Fire,491,31,0.0,SESE_D,0,0
771,BS603,2018,1,sober,Fire,491,31,0.10526315789473684,SESE_D,4,1
772,BS603,2022,1,sober,Fire,491,31,0.1,SESE_D,1,1
773,BS604,2007,1,sober,Fire,550,33,0.21739130434782608,SESE_D,5,0
774,BS604,2018,1,sober,Fire,550,33,0.034482758620689655,SESE_D,3,1
775,BS605,2007,1,control,No Fire,119,35,0.6,SESE_D,3,0
777,BS610,2007,0,dolan_chalk,Fire,206,44,0.02631578947368421,SESE_D,1,0
778,BS610,2009,0,dolan_chalk,Fire,206,44,2.3333333333333335,SESE_D,21,1
779,BS610,2021,0,dolan_chalk,Fire,206,44,2.0,SESE_D,20,1
780,BS611,2007,1,dolan_chalk,Fire,378,35,0.30303030303030304,SESE_D,10,0
781,BS611,2009,1,dolan_chalk,Fire,378,35,1.3571428571428572,SESE_D,19,1
782,BS611,2010,1,dolan_chalk,Fire,378,35,0.2153846153846154,SESE_D,14,1
783,BS611,2013,1,dolan_chalk,Fire,378,35,0.125,SESE_D,10,1
784,BS611,2018,1,dolan_chalk,Fire,378,35,0.2916666666666667,SESE_D,21,1
785,BS611,2021,1,dolan_chalk,Fire,378,35,18.333333333333332,SESE_D,55,1
786,BS612,2007,1,dolan_chalk,Fire,415,34,0.48333333333333334,SESE_D,29,0
787,BS612,2009,1,dolan_chalk,Fire,415,34,5.0,SESE_D,30,1
788,BS612,2021,1,dolan_chalk,Fire,415,34,3.5555555555555554,SESE_D,32,1
789,BS613,2007,1,dolan_chalk,Fire,291,40,0.05,SESE_D,1,0
790,BS613,2009,1,dolan_chalk,Fire,291,40,1.2222222222222223,SESE_D,11,1
791,BS613,2018,1,dolan_chalk,Fire,291,40,0.07692307692307693,SESE_D,1,1
792,BS613,2021,1,dolan_chalk,Fire,291,40,0.17647058823529413,SESE_D,3,1
793,BS620,2007,1,control,No Fire,284,36,0.07692307692307693,SESE_D,1,0
794,BS621,2007,1,chalk,Fire,218,38,0.5416666666666666,SESE_D,39,0
795,BS622,2007,1,control,No Fire,55,38,0.06666666666666667,SESE_D,1,0
796,BS623,2007,1,control,No Fire,341,38,0.6666666666666666,SESE_D,6,0
797,BS624,2007,0,control,No Fire,435,12,0.24651162790697675,SESE_D,53,0
798,BS625,2007,1,control,No Fire,302,0,0.8333333333333334,SESE_D,5,0
799,BS626,2007,0,control,No Fire,357,43,0.948051948051948,SESE_D,73,0
800,BS627,2007,1,chalk,Fire,119,28,0.0,SESE_D,0,0
801,BS627,2009,1,chalk,Fire,119,28,1.0,SESE_D,1,1
803,BS629,2007,1,chalk,Fire,373,30,0.1111111111111111,SESE_D,3,0
804,BS629,2009,1,chalk,Fire,373,30,0.8333333333333334,SESE_D,15,1
805,BS629,2018,1,chalk,Fire,373,30,0.11235955056179775,SESE_D,10,1
806,BS632,2007,0,sober_chalk,Fire,499,19,0.19047619047619047,SESE_D,4,0
807,BS632,2009,0,sober_chalk,Fire,499,19,1.0,SESE_D,10,1
808,BS632,2018,0,sober_chalk,Fire,499,19,1.027027027027027,SESE_D,38,1
809,BS632,2023,0,sober_chalk,Fire,499,19,0.24242424242424243,SESE_D,8,1
816,BS002,2006,1,control,No Fire,359,33,0.0625,SESE_L,16,0
817,BS002,2010,1,control,No Fire,359,33,0.1875,SESE_L,16,0
818,BS002,2013,1,control,No Fire,359,33,0.1111111111111111,SESE_L,18,0
819,BS002,2018,1,control,No Fire,359,33,0.17647058823529413,SESE_L,17,0
820,BS002,2022,1,control,No Fire,359,33,0.23076923076923078,SESE_L,13,0
842,BS027,2006,1,control,No Fire,244,41,0.18181818181818182,SESE_L,11,0
843,BS027,2009,1,control,No Fire,244,41,0.15384615384615385,SESE_L,13,0
844,BS027,2010,1,control,No Fire,244,41,0.15384615384615385,SESE_L,13,0
845,BS027,2013,1,control,No Fire,244,41,0.15384615384615385,SESE_L,13,0
846,BS027,2018,1,control,No Fire,244,41,0.25,SESE_L,12,0
847,BS027,2022,1,control,No Fire,244,41,0.25,SESE_L,12,0
855,BS038,2007,1,dolan,Fire,553,33,0.22580645161290322,SESE_L,31,0
856,BS038,2021,1,dolan,Fire,553,33,6.666666666666667,SESE_L,3,1
862,BS045,2007,1,dolan_chalk,Fire,478,39,0.12,SESE_L,25,0
863,BS045,2009,1,dolan_chalk,Fire,478,39,1.8571428571428572,SESE_L,7,1
876,BS048,2007,0,dolan_chalk,Fire,475,20,0.1875,SESE_L,16,0
877,BS048,2009,0,dolan_chalk,Fire,475,20,0.35714285714285715,SESE_L,14,1
878,BS048,2021,0,dolan_chalk,Fire,475,20,0.0,SESE_L,20,1
879,BS050,2007,0,dolan_chalk,Fire,670,18,0.12162162162162163,SESE_L,74,0
880,BS050,2009,0,dolan_chalk,Fire,670,18,0.7450980392156863,SESE_L,51,1
881,BS050,2021,0,dolan_chalk,Fire,670,18,1.7857142857142858,SESE_L,14,1
882,BS052,2007,0,dolan_chalk,Fire,541,32,0.24242424242424243,SESE_L,66,0
883,BS052,2009,0,dolan_chalk,Fire,541,32,3.4,SESE_L,10,1
884,BS052,2010,0,dolan_chalk,Fire,541,32,3.2222222222222223,SESE_L,9,1
885,BS052,2013,0,dolan_chalk,Fire,541,32,0.3617021276595745,SESE_L,47,1
886,BS052,2018,0,dolan_chalk,Fire,541,32,0.26229508196721313,SESE_L,61,1
887,BS052,2021,0,dolan_chalk,Fire,541,32,5.3,SESE_L,10,1
888,BS053,2007,1,dolan_chalk,Fire,317,38,0.42857142857142855,SESE_L,14,0
889,BS053,2009,1,dolan_chalk,Fire,317,38,0.3333333333333333,SESE_L,6,1
890,BS053,2010,1,dolan_chalk,Fire,317,38,0.06666666666666667,SESE_L,15,1
891,BS053,2013,1,dolan_chalk,Fire,317,38,0.034482758620689655,SESE_L,58,1
892,BS053,2018,1,dolan_chalk,Fire,317,38,0.015625,SESE_L,64,1
893,BS053,2021,1,dolan_chalk,Fire,317,38,5.2,SESE_L,5,1
902,BS058,2007,0,dolan,Fire,744,25,0.09558823529411764,SESE_L,136,0
903,BS058,2009,0,dolan,Fire,744,25,0.09375,SESE_L,160,0
904,BS058,2010,0,dolan,Fire,744,25,0.08383233532934131,SESE_L,167,0
905,BS058,2013,0,dolan,Fire,744,25,0.15,SESE_L,160,0
906,BS058,2018,0,dolan,Fire,744,25,0.4122137404580153,SESE_L,131,0
907,BS058,2021,0,dolan,Fire,744,25,0.9032258064516129,SESE_L,62,1
908,BS059,2007,0,dolan,Fire,630,40,0.14516129032258066,SESE_L,62,0
909,BS059,2021,0,dolan,Fire,630,40,0.28688524590163933,SESE_L,122,1
944,BS081,2006,1,sober,Fire,308,23,0.16216216216216217,SESE_L,37,0
945,BS081,2018,1,sober,Fire,308,23,0.34782608695652173,SESE_L,69,1
946,BS081,2023,1,sober,Fire,308,23,0.3235294117647059,SESE_L,68,1
948,BS084,2006,1,sober,Fire,432,36,0.0,SESE_L,17,0
949,BS084,2010,1,sober,Fire,432,36,0.17647058823529413,SESE_L,17,0
950,BS084,2013,1,sober,Fire,432,36,0.16666666666666666,SESE_L,18,0
951,BS084,2018,1,sober,Fire,432,36,0.19148936170212766,SESE_L,47,1
952,BS084,2022,1,sober,Fire,432,36,0.09090909090909091,SESE_L,33,1
958,BS086,2006,1,sober,Fire,578,28,0.0,SESE_L,4,0
959,BS086,2018,1,sober,Fire,578,28,0.07894736842105263,SESE_L,38,1
960,BS086,2023,1,sober,Fire,578,28,0.11538461538461539,SESE_L,26,1
961,BS087,2006,1,control,No Fire,508,27,0.38095238095238093,SESE_L,21,0
971,BS098,2007,1,sober,Fire,478,39,0.65,SESE_L,20,0
972,BS098,2018,1,sober,Fire,478,39,0.2903225806451613,SESE_L,31,1
973,BS098,2023,1,sober,Fire,478,39,0.19047619047619047,SESE_L,42,1
978,BS118,2006,1,sober,Fire,412,28,0.0,SESE_L,7,0
983,BS123,2006,1,sober,Fire,293,17,0.0,SESE_L,7,0
984,BS123,2018,1,sober,Fire,293,17,0.75,SESE_L,4,1
985,BS123,2023,1,sober,Fire,293,17,0.25,SESE_L,4,1
986,BS124,2006,1,sober,Fire,353,23,0.0,SESE_L,12,0
987,BS124,2009,1,sober,Fire,353,23,0.0625,SESE_L,16,0
988,BS124,2010,1,sober,Fire,353,23,0.0,SESE_L,16,0
989,BS124,2013,1,sober,Fire,353,23,0.0,SESE_L,17,0
990,BS124,2018,1,sober,Fire,353,23,0.7,SESE_L,10,1
991,BS124,2023,1,sober,Fire,353,23,0.1,SESE_L,10,1
992,BS125,2006,1,control,No Fire,380,20,0.06818181818181818,SESE_L,44,0
998,BS129,2006,1,control,No Fire,340,25,0.0,SESE_L,9,0
999,BS130,2006,1,control,No Fire,242,3,0.25,SESE_L,32,0
1000,BS130,2009,1,control,No Fire,242,3,0.3225806451612903,SESE_L,31,0
1001,BS130,2010,1,control,No Fire,242,3,0.25,SESE_L,32,0
1002,BS130,2013,1,control,No Fire,242,3,0.3333333333333333,SESE_L,30,0
1003,BS130,2018,1,control,No Fire,242,3,0.23333333333333334,SESE_L,30,0
1004,BS131,2006,1,control,No Fire,223,25,0.34375,SESE_L,64,0
1005,BS131,2009,1,control,No Fire,223,25,0.43548387096774194,SESE_L,62,0
1006,BS131,2010,1,control,No Fire,223,25,0.45901639344262296,SESE_L,61,0
1007,BS131,2013,1,control,No Fire,223,25,0.4166666666666667,SESE_L,60,0
1008,BS131,2018,1,control,No Fire,223,25,0.43636363636363634,SESE_L,55,0
1016,BS134,2006,1,sober,Fire,513,27,0.1111111111111111,SESE_L,9,0
1017,BS134,2018,1,sober,Fire,513,27,0.16,SESE_L,25,1
1018,BS134,2023,1,sober,Fire,513,27,0.0,SESE_L,19,1
1019,BS135,2006,1,sober,Fire,433,27,0.3064516129032258,SESE_L,62,0
1020,BS137,2006,1,control,No Fire,258,18,0.0,SESE_L,9,0
1024,BS140,2007,1,sober,Fire,293,15,0.0,SESE_L,22,0
1025,BS140,2009,1,sober,Fire,293,15,0.08695652173913043,SESE_L,23,0
1026,BS140,2010,1,sober,Fire,293,15,0.08695652173913043,SESE_L,23,0
1027,BS140,2013,1,sober,Fire,293,15,0.13043478260869565,SESE_L,23,0
1028,BS140,2018,1,sober,Fire,293,15,0.625,SESE_L,16,1
1029,BS140,2022,1,sober,Fire,293,15,0.5384615384615384,SESE_L,13,1
1043,BS147,2006,1,sober,Fire,399,36,0.0,SESE_L,8,0
1044,BS147,2009,1,sober,Fire,399,36,0.14285714285714285,SESE_L,7,0
1045,BS147,2010,1,sober,Fire,399,36,0.14285714285714285,SESE_L,7,0
1046,BS147,2013,1,sober,Fire,399,36,0.14285714285714285,SESE_L,7,0
1047,BS147,2018,1,sober,Fire,399,36,0.05154639175257732,SESE_L,97,1
1048,BS147,2022,1,sober,Fire,399,36,0.25,SESE_L,24,1
1060,BS151,2006,1,sober,Fire,490,10,0.16666666666666666,SESE_L,30,0
1061,BS152,2006,1,sober,Fire,389,18,0.019230769230769232,SESE_L,52,0
1062,BS156,2007,1,sober_chalk,Fire,403,34,0.5333333333333333,SESE_L,30,0
1063,BS156,2009,1,sober_chalk,Fire,403,34,2.0,SESE_L,9,1
1064,BS156,2018,1,sober_chalk,Fire,403,34,1.4912280701754386,SESE_L,57,1
1065,BS157,2007,1,sober_chalk,Fire,325,23,0.20454545454545456,SESE_L,44,0
1076,BS160,2007,0,sober_chalk,Fire,386,38,0.16666666666666666,SESE_L,12,0
1077,BS160,2009,0,sober_chalk,Fire,386,38,0.3333333333333333,SESE_L,9,1
1078,BS160,2010,0,sober_chalk,Fire,386,38,0.1,SESE_L,40,1
1079,BS160,2013,0,sober_chalk,Fire,386,38,0.08620689655172414,SESE_L,58,1
1080,BS160,2018,0,sober_chalk,Fire,386,38,0.5576923076923077,SESE_L,52,1
1081,BS160,2022,0,sober_chalk,Fire,386,38,0.2,SESE_L,30,1
1085,BS165,2007,0,sober_chalk,Fire,287,10,0.0625,SESE_L,16,0
1086,BS165,2009,0,sober_chalk,Fire,287,10,0.5833333333333334,SESE_L,12,1
1087,BS165,2010,0,sober_chalk,Fire,287,10,0.5,SESE_L,12,1
1088,BS165,2013,0,sober_chalk,Fire,287,10,0.4166666666666667,SESE_L,12,1
1089,BS165,2018,0,sober_chalk,Fire,287,10,0.09090909090909091,SESE_L,11,1
1090,BS165,2022,0,sober_chalk,Fire,287,10,0.0,SESE_L,13,1
1091,BS166,2007,0,sober_chalk,Fire,352,25,0.0,SESE_L,13,0
1092,BS166,2009,0,sober_chalk,Fire,352,25,1.0,SESE_L,6,1
1093,BS166,2018,0,sober_chalk,Fire,352,25,0.42857142857142855,SESE_L,7,1
1094,BS166,2023,0,sober_chalk,Fire,352,25,0.125,SESE_L,8,1
1095,BS167,2007,1,sober_chalk,Fire,409,36,0.10526315789473684,SESE_L,19,0
1096,BS168,2007,1,sober_chalk,Fire,317,35,0.0,SESE_L,8,0
1097,BS168,2009,1,sober_chalk,Fire,317,35,0.6,SESE_L,5,1
1098,BS168,2018,1,sober_chalk,Fire,317,35,0.5,SESE_L,4,1
1099,BS168,2023,1,sober_chalk,Fire,317,35,0.0,SESE_L,9,1
1107,BS177,2007,1,sober_chalk,Fire,540,36,0.11764705882352941,SESE_L,34,0
1108,BS186,2006,1,control,No Fire,235,22,0.25,SESE_L,20,0
1109,BS187,2006,1,chalk,Fire,114,16,0.2631578947368421,SESE_L,19,0
1110,BS187,2009,1,chalk,Fire,114,16,1.625,SESE_L,8,1
1111,BS187,2010,1,chalk,Fire,114,16,0.36363636363636365,SESE_L,33,1
1112,BS187,2013,1,chalk,Fire,114,16,0.3541666666666667,SESE_L,48,1
1113,BS187,2018,1,chalk,Fire,114,16,0.38461538461538464,SESE_L,52,1
1114,BS187,2022,1,chalk,Fire,114,16,0.2727272727272727,SESE_L,33,1
1119,BS190,2006,1,chalk,Fire,79,8,0.0,SESE_L,11,0
1120,BS190,2009,1,chalk,Fire,79,8,0.2,SESE_L,10,1
1121,BS190,2018,1,chalk,Fire,79,8,0.3103448275862069,SESE_L,29,1
1124,BS193,2023,1,sober_chalk,Fire,413,27,0.0,SESE_L,8,1
1155,BS207,2006,1,control,No Fire,305,33,0.18888888888888888,SESE_L,90,0
1156,BS210,2007,1,control,No Fire,25,40,0.34375,SESE_L,32,0
1165,BS219,2006,0,chalk,Fire,101,19,0.05405405405405406,SESE_L,37,0
1166,BS219,2009,0,chalk,Fire,101,19,0.95,SESE_L,20,1
1170,BS221,2006,1,sober_chalk,Fire,435,30,0.4,SESE_L,5,0
1172,BS221,2010,1,sober_chalk,Fire,435,30,0.09375,SESE_L,32,1
1173,BS221,2013,1,sober_chalk,Fire,435,30,0.16216216216216217,SESE_L,37,1
1174,BS221,2018,1,sober_chalk,Fire,435,30,0.875,SESE_L,24,1
1175,BS221,2023,1,sober_chalk,Fire,435,30,0.08695652173913043,SESE_L,23,1
1176,BS222,2006,1,sober_chalk,Fire,416,37,0.0,SESE_L,13,0
1177,BS222,2009,1,sober_chalk,Fire,416,37,1.6,SESE_L,5,1
1179,BS224,2007,1,sober_chalk,Fire,435,31,0.0,SESE_L,11,0
1180,BS224,2009,1,sober_chalk,Fire,435,31,1.4,SESE_L,5,1
1181,BS224,2010,1,sober_chalk,Fire,435,31,0.6666666666666666,SESE_L,6,1
1182,BS224,2013,1,sober_chalk,Fire,435,31,0.7142857142857143,SESE_L,7,1
1183,BS224,2018,1,sober_chalk,Fire,435,31,0.8,SESE_L,5,1
1184,BS224,2022,1,sober_chalk,Fire,435,31,0.4,SESE_L,5,1
1185,BS226,2006,1,sober_chalk,Fire,474,38,0.1,SESE_L,60,0
1186,BS226,2009,1,sober_chalk,Fire,474,38,5.333333333333333,SESE_L,12,1
1187,BS226,2018,1,sober_chalk,Fire,474,38,2.103448275862069,SESE_L,29,1
1188,BS226,2023,1,sober_chalk,Fire,474,38,0.45161290322580644,SESE_L,31,1
1189,BS228,2006,1,sober_chalk,Fire,600,40,0.0,SESE_L,2,0
1208,BS239,2006,1,control,No Fire,88,35,0.0,SESE_L,26,0
1209,BS239,2018,1,control,No Fire,88,35,0.21052631578947367,SESE_L,19,0
1210,BS240,2006,1,sober_chalk,Fire,305,39,0.3611111111111111,SESE_L,36,0
1211,BS241,2006,1,sober_chalk,Fire,361,39,0.08333333333333333,SESE_L,12,0
1212,BS241,2023,1,sober_chalk,Fire,361,39,0.1,SESE_L,10,1
1213,BS242,2006,1,sober_chalk,Fire,403,39,0.25,SESE_L,12,0
1214,BS242,2009,1,sober_chalk,Fire,403,39,1.4,SESE_L,5,1
1215,BS242,2010,1,sober_chalk,Fire,403,39,1.2,SESE_L,5,1
1216,BS242,2013,1,sober_chalk,Fire,403,39,1.2,SESE_L,5,1
1217,BS242,2018,1,sober_chalk,Fire,403,39,0.16666666666666666,SESE_L,6,1
1218,BS242,2022,1,sober_chalk,Fire,403,39,0.16666666666666666,SESE_L,6,1
1219,BS243,2006,0,sober_chalk,Fire,423,27,0.46153846153846156,SESE_L,13,0
1220,BS244,2006,0,sober_chalk,Fire,357,35,0.06976744186046512,SESE_L,43,0
1221,BS244,2009,0,sober_chalk,Fire,357,35,0.76,SESE_L,25,1
1222,BS244,2010,0,sober_chalk,Fire,357,35,0.425,SESE_L,40,1
1223,BS244,2013,0,sober_chalk,Fire,357,35,0.18571428571428572,SESE_L,70,1
1224,BS244,2018,0,sober_chalk,Fire,357,35,0.7222222222222222,SESE_L,54,1
1225,BS244,2023,0,sober_chalk,Fire,357,35,0.07894736842105263,SESE_L,38,1
1232,BS247,2006,0,sober_chalk,Fire,570,26,0.3181818181818182,SESE_L,88,0
1233,BS247,2009,0,sober_chalk,Fire,570,26,0.8709677419354839,SESE_L,62,1
1234,BS247,2010,0,sober_chalk,Fire,570,26,0.4811320754716981,SESE_L,106,1
1235,BS247,2013,0,sober_chalk,Fire,570,26,0.1958041958041958,SESE_L,143,1
1236,BS247,2018,0,sober_chalk,Fire,570,26,0.859375,SESE_L,128,1
1237,BS247,2022,0,sober_chalk,Fire,570,26,0.42105263157894735,SESE_L,57,1
1239,BS249,2006,1,sober_chalk,Fire,580,30,0.013071895424836602,SESE_L,153,0
1240,BS249,2009,1,sober_chalk,Fire,580,30,2.806451612903226,SESE_L,31,1
1253,BS260,2006,1,control,No Fire,240,11,0.0,SESE_L,44,0
1255,BS265,2006,0,control,No Fire,200,20,0.10852713178294573,SESE_L,129,0
1256,BS267,2006,1,control,No Fire,160,37,0.14285714285714285,SESE_L,28,0
1275,BS276,2006,1,chalk,Fire,357,22,0.16666666666666666,SESE_L,24,0
1276,BS276,2009,1,chalk,Fire,357,22,2.4285714285714284,SESE_L,7,1
1277,BS276,2023,1,chalk,Fire,357,22,0.2894736842105263,SESE_L,38,1
1278,BS277,2007,1,dolan_chalk,Fire,262,44,0.18181818181818182,SESE_L,22,0
1279,BS277,2009,1,dolan_chalk,Fire,262,44,3.4,SESE_L,5,1
1280,BS277,2021,1,dolan_chalk,Fire,262,44,4.5,SESE_L,14,1
1281,BS278,2006,1,dolan_chalk,Fire,384,41,0.13793103448275862,SESE_L,29,0
1282,BS278,2009,1,dolan_chalk,Fire,384,41,5.0,SESE_L,5,1
1283,BS278,2010,1,dolan_chalk,Fire,384,41,3.8,SESE_L,5,1
1284,BS278,2013,1,dolan_chalk,Fire,384,41,1.7142857142857142,SESE_L,7,1
1285,BS278,2018,1,dolan_chalk,Fire,384,41,0.42857142857142855,SESE_L,14,1
1286,BS278,2021,1,dolan_chalk,Fire,384,41,4.75,SESE_L,4,1
1287,BS279,2006,0,dolan_chalk,Fire,256,15,0.16,SESE_L,75,0
1288,BS279,2009,0,dolan_chalk,Fire,256,15,2.625,SESE_L,24,1
1289,BS279,2021,0,dolan_chalk,Fire,256,15,2.7142857142857144,SESE_L,14,1
1290,BS281,2006,0,dolan,Fire,92,33,0.18487394957983194,SESE_L,119,0
1297,BS283,2006,1,chalk,Fire,606,33,0.08333333333333333,SESE_L,12,0
1298,BS283,2009,1,chalk,Fire,606,33,3.5,SESE_L,2,1
1299,BS283,2010,1,chalk,Fire,606,33,0.1276595744680851,SESE_L,47,1
1300,BS283,2013,1,chalk,Fire,606,33,0.06779661016949153,SESE_L,59,1
1301,BS283,2018,1,chalk,Fire,606,33,0.21428571428571427,SESE_L,56,1
1302,BS283,2022,1,chalk,Fire,606,33,0.023809523809523808,SESE_L,42,1
1308,BS293,2006,1,control,No Fire,287,21,0.0,SESE_L,1,0
1310,BS295,2007,1,dolan,Fire,150,25,0.8461538461538461,SESE_L,13,0
1311,BS295,2009,1,dolan,Fire,150,25,0.8461538461538461,SESE_L,13,0
1312,BS295,2010,1,dolan,Fire,150,25,1.0,SESE_L,11,0
1313,BS295,2013,1,dolan,Fire,150,25,0.9166666666666666,SESE_L,12,0
1314,BS295,2018,1,dolan,Fire,150,25,1.0909090909090908,SESE_L,11,0
1315,BS295,2021,1,dolan,Fire,150,25,0.7,SESE_L,10,1
1316,BS296,2006,0,dolan_chalk,Fire,590,40,0.0,SESE_L,4,0
1317,BS296,2009,0,dolan_chalk,Fire,590,40,0.0,SESE_L,4,1
1318,BS296,2021,0,dolan_chalk,Fire,590,40,0.07017543859649122,SESE_L,57,1
1319,BS297,2006,1,dolan_chalk,Fire,618,30,0.3333333333333333,SESE_L,15,0
1320,BS297,2009,1,dolan_chalk,Fire,618,30,2.0,SESE_L,5,1
1321,BS297,2010,1,dolan_chalk,Fire,618,30,1.6666666666666667,SESE_L,6,1
1322,BS297,2013,1,dolan_chalk,Fire,618,30,0.8333333333333334,SESE_L,12,1
1323,BS297,2018,1,dolan_chalk,Fire,618,30,0.3333333333333333,SESE_L,21,1
1324,BS297,2021,1,dolan_chalk,Fire,618,30,0.6,SESE_L,10,1
1325,BS299,2006,0,dolan_chalk,Fire,199,40,0.09090909090909091,SESE_L,11,0
1326,BS299,2009,0,dolan_chalk,Fire,199,40,0.2,SESE_L,10,1
1327,BS299,2021,0,dolan_chalk,Fire,199,40,1.8571428571428572,SESE_L,7,1
1328,BS301,2006,1,dolan_chalk,Fire,510,27,0.15789473684210525,SESE_L,38,0
1329,BS301,2009,1,dolan_chalk,Fire,510,27,2.8333333333333335,SESE_L,12,1
1330,BS301,2010,1,dolan_chalk,Fire,510,27,1.9444444444444444,SESE_L,18,1
1331,BS301,2013,1,dolan_chalk,Fire,510,27,1.0344827586206897,SESE_L,29,1
1332,BS301,2018,1,dolan_chalk,Fire,510,27,0.30952380952380953,SESE_L,42,1
1333,BS301,2021,1,dolan_chalk,Fire,510,27,2.6363636363636362,SESE_L,11,1
1347,BS309,2006,1,dolan_chalk,Fire,640,17,0.0,SESE_L,4,0
1355,BS313,2006,1,control,No Fire,581,20,0.13157894736842105,SESE_L,38,0
1356,BS313,2010,1,control,No Fire,581,20,0.05660377358490566,SESE_L,53,0
1357,BS313,2013,1,control,No Fire,581,20,0.05084745762711865,SESE_L,59,0
1358,BS313,2018,1,control,No Fire,581,20,0.039473684210526314,SESE_L,76,0
1359,BS313,2022,1,control,No Fire,581,20,0.08333333333333333,SESE_L,36,0
1394,BS338,2006,0,control,No Fire,599,21,0.2916666666666667,SESE_L,24,0
1395,BS355,2007,0,sober_chalk,Fire,470,33,0.1875,SESE_L,32,0
1396,BS355,2009,0,sober_chalk,Fire,470,33,2.2857142857142856,SESE_L,7,1
1397,BS355,2010,0,sober_chalk,Fire,470,33,1.7777777777777777,SESE_L,9,1
1398,BS355,2013,0,sober_chalk,Fire,470,33,0.5333333333333333,SESE_L,15,1
1399,BS355,2018,0,sober_chalk,Fire,470,33,0.7058823529411765,SESE_L,17,1
1400,BS355,2023,0,sober_chalk,Fire,470,33,0.4166666666666667,SESE_L,12,1
1403,BS359,2007,0,sober_chalk,Fire,717,37,0.28,SESE_L,25,0
1404,BS359,2009,0,sober_chalk,Fire,717,37,0.6153846153846154,SESE_L,13,1
1415,BS376,2007,1,control,No Fire,185,38,0.0,SESE_L,15,0
1421,BS382,2006,1,dolan_chalk,Fire,410,39,0.2777777777777778,SESE_L,54,0
1422,BS382,2021,1,dolan_chalk,Fire,410,39,0.7868852459016393,SESE_L,61,1
1431,BS388,2007,1,dolan,Fire,146,24,0.2641509433962264,SESE_L,53,0
1432,BS388,2018,1,dolan,Fire,146,24,0.04838709677419355,SESE_L,62,0
1433,BS388,2021,1,dolan,Fire,146,24,3.3333333333333335,SESE_L,9,1
1434,BS389,2006,0,dolan,Fire,135,38,0.13636363636363635,SESE_L,22,0
1435,BS389,2021,0,dolan,Fire,135,38,4.0,SESE_L,6,1
1436,BS390,2007,1,sober_chalk,Fire,328,27,0.0,SESE_L,3,0
1437,BS390,2009,1,sober_chalk,Fire,328,27,2.0,SESE_L,1,1
1439,BS390,2013,1,sober_chalk,Fire,328,27,1.0,SESE_L,1,1
1441,BS390,2022,1,sober_chalk,Fire,328,27,0.5,SESE_L,2,1
1442,BS391,2007,1,dolan,Fire,203,35,0.07142857142857142,SESE_L,112,0
1443,BS391,2010,1,dolan,Fire,203,35,0.08653846153846154,SESE_L,104,0
1444,BS391,2013,1,dolan,Fire,203,35,0.08737864077669903,SESE_L,103,0
1445,BS391,2018,1,dolan,Fire,203,35,0.12,SESE_L,100,0
1446,BS391,2021,1,dolan,Fire,203,35,16.5,SESE_L,4,1
1447,BS392,2007,1,dolan,Fire,294,29,0.11627906976744186,SESE_L,172,0
1448,BS392,2009,1,dolan,Fire,294,29,0.25142857142857145,SESE_L,175,0
1449,BS392,2010,1,dolan,Fire,294,29,0.2542372881355932,SESE_L,177,0
1450,BS392,2013,1,dolan,Fire,294,29,0.20555555555555555,SESE_L,180,0
1451,BS392,2018,1,dolan,Fire,294,29,0.26666666666666666,SESE_L,165,0
1452,BS392,2021,1,dolan,Fire,294,29,6.0,SESE_L,12,1
1455,BS394,2006,1,dolan,Fire,382,30,0.03896103896103896,SESE_L,77,0
1456,BS394,2016,1,dolan,Fire,382,30,0.2923076923076923,SESE_L,65,0
1457,BS394,2018,1,dolan,Fire,382,30,0.3888888888888889,SESE_L,54,0
1458,BS394,2021,1,dolan,Fire,382,30,3.1666666666666665,SESE_L,12,1
1462,BS407,2006,1,dolan,Fire,680,24,0.18181818181818182,SESE_L,33,0
1463,BS407,2009,1,dolan,Fire,680,24,0.22,SESE_L,50,0
1464,BS407,2010,1,dolan,Fire,680,24,0.20408163265306123,SESE_L,49,0
1465,BS407,2013,1,dolan,Fire,680,24,0.1509433962264151,SESE_L,53,0
1466,BS407,2018,1,dolan,Fire,680,24,0.14516129032258066,SESE_L,62,0
1467,BS407,2021,1,dolan,Fire,680,24,3.230769230769231,SESE_L,13,1
1470,BS412,2006,1,control,No Fire,209,35,0.75,SESE_L,28,0
1471,BS412,2009,1,control,No Fire,209,35,0.5833333333333334,SESE_L,36,0
1472,BS412,2010,1,control,No Fire,209,35,0.40350877192982454,SESE_L,57,0
1473,BS412,2013,1,control,No Fire,209,35,0.24615384615384617,SESE_L,65,0
1474,BS412,2018,1,control,No Fire,209,35,0.12359550561797752,SESE_L,89,0
1475,BS412,2022,1,control,No Fire,209,35,0.11428571428571428,SESE_L,70,0
1482,BS416,2007,0,dolan,Fire,580,42,0.24074074074074073,SESE_L,54,0
1483,BS416,2010,0,dolan,Fire,580,42,0.22972972972972974,SESE_L,74,0
1484,BS416,2013,0,dolan,Fire,580,42,0.12658227848101267,SESE_L,79,0
1485,BS416,2018,0,dolan,Fire,580,42,0.09782608695652174,SESE_L,92,0
1486,BS416,2021,0,dolan,Fire,580,42,2.9473684210526314,SESE_L,19,1
1487,BS420,2007,0,dolan_chalk,Fire,554,31,0.7407407407407407,SESE_L,27,0
1488,BS420,2009,0,dolan_chalk,Fire,554,31,0.8823529411764706,SESE_L,17,1
1489,BS420,2021,0,dolan_chalk,Fire,554,31,1.75,SESE_L,8,1
1490,BS423,2006,0,dolan_chalk,Fire,106,41,0.08888888888888889,SESE_L,45,0
1491,BS423,2009,0,dolan_chalk,Fire,106,41,0.7083333333333334,SESE_L,24,1
1492,BS423,2021,0,dolan_chalk,Fire,106,41,1.6111111111111112,SESE_L,18,1
1494,BS426,2006,0,dolan_chalk,Fire,226,34,0.14285714285714285,SESE_L,14,0
1495,BS426,2009,0,dolan_chalk,Fire,226,34,1.25,SESE_L,8,1
1496,BS426,2010,0,dolan_chalk,Fire,226,34,0.5882352941176471,SESE_L,17,1
1497,BS426,2013,0,dolan_chalk,Fire,226,34,0.21212121212121213,SESE_L,33,1
1498,BS426,2018,0,dolan_chalk,Fire,226,34,0.13513513513513514,SESE_L,37,1
1499,BS426,2021,0,dolan_chalk,Fire,226,34,3.875,SESE_L,8,1
1503,BS429,2007,1,sober,Fire,351,35,0.0,SESE_L,2,0
1504,BS429,2009,1,sober,Fire,351,35,0.0,SESE_L,3,0
1505,BS429,2010,1,sober,Fire,351,35,0.0,SESE_L,3,0
1506,BS429,2013,1,sober,Fire,351,35,0.0,SESE_L,5,0
1507,BS429,2018,1,sober,Fire,351,35,0.6666666666666666,SESE_L,3,1
1508,BS429,2022,1,sober,Fire,351,35,0.0,SESE_L,5,1
1511,BS433,2007,1,sober_chalk,Fire,350,34,0.2222222222222222,SESE_L,9,0
1512,BS433,2009,1,sober_chalk,Fire,350,34,0.6666666666666666,SESE_L,3,1
1513,BS433,2010,1,sober_chalk,Fire,350,34,0.6666666666666666,SESE_L,3,1
1514,BS433,2013,1,sober_chalk,Fire,350,34,0.3333333333333333,SESE_L,3,1
1515,BS433,2018,1,sober_chalk,Fire,350,34,0.25,SESE_L,4,1
1516,BS433,2022,1,sober_chalk,Fire,350,34,0.3333333333333333,SESE_L,3,1
1525,BS457,2007,1,chalk,Fire,443,34,0.35294117647058826,SESE_L,17,0
1526,BS457,2009,1,chalk,Fire,443,34,1.3333333333333333,SESE_L,6,1
1527,BS457,2010,1,chalk,Fire,443,34,1.3333333333333333,SESE_L,6,1
1528,BS457,2013,1,chalk,Fire,443,34,0.6666666666666666,SESE_L,9,1
1529,BS457,2018,1,chalk,Fire,443,34,0.14285714285714285,SESE_L,28,1
1530,BS457,2022,1,chalk,Fire,443,34,0.09090909090909091,SESE_L,11,1
1539,BS469,2007,1,sober,Fire,543,35,0.14285714285714285,SESE_L,7,0
1541,BS474,2006,0,dolan_chalk,Fire,289,41,0.13043478260869565,SESE_L,46,0
1542,BS474,2021,0,dolan_chalk,Fire,289,41,0.7407407407407407,SESE_L,27,1
1546,BS494,2007,1,control,No Fire,442,32,0.8181818181818182,SESE_L,11,0
1547,BS494,2010,1,control,No Fire,442,32,0.6666666666666666,SESE_L,12,0
1548,BS494,2013,1,control,No Fire,442,32,0.46153846153846156,SESE_L,13,0
1549,BS494,2018,1,control,No Fire,442,32,0.2,SESE_L,30,0
1550,BS494,2022,1,control,No Fire,442,32,0.11764705882352941,SESE_L,34,0
1558,BS513,2006,1,dolan,Fire,310,33,0.0,SESE_L,1,0
1559,BS513,2009,1,dolan,Fire,310,33,0.0,SESE_L,1,0
1560,BS513,2011,1,dolan,Fire,310,33,0.0,SESE_L,2,0
1561,BS513,2014,1,dolan,Fire,310,33,0.0,SESE_L,2,0
1562,BS513,2019,1,dolan,Fire,310,33,0.3333333333333333,SESE_L,3,0
1574,BS600,2007,1,sober,Fire,549,32,0.6,SESE_L,10,0
1575,BS600,2018,1,sober,Fire,549,32,0.6666666666666666,SESE_L,6,1
1576,BS600,2023,1,sober,Fire,549,32,0.2222222222222222,SESE_L,9,1
1577,BS601,2007,1,sober,Fire,603,25,0.15384615384615385,SESE_L,13,0
1578,BS601,2009,1,sober,Fire,603,25,0.15384615384615385,SESE_L,13,0
1579,BS601,2010,1,sober,Fire,603,25,0.15384615384615385,SESE_L,13,0
1580,BS601,2013,1,sober,Fire,603,25,0.08333333333333333,SESE_L,12,0
1581,BS601,2018,1,sober,Fire,603,25,0.1320754716981132,SESE_L,53,1
1582,BS601,2022,1,sober,Fire,603,25,0.1724137931034483,SESE_L,29,1
1583,BS603,2007,1,sober,Fire,491,31,0.0,SESE_L,10,0
1584,BS603,2009,1,sober,Fire,491,31,0.1111111111111111,SESE_L,9,0
1585,BS603,2010,1,sober,Fire,491,31,0.0,SESE_L,9,0
1586,BS603,2013,1,sober,Fire,491,31,0.0,SESE_L,8,0
1587,BS603,2018,1,sober,Fire,491,31,0.10526315789473684,SESE_L,38,1
1588,BS603,2022,1,sober,Fire,491,31,0.1,SESE_L,10,1
1589,BS604,2007,1,sober,Fire,550,33,0.21739130434782608,SESE_L,23,0
1590,BS604,2018,1,sober,Fire,550,33,0.034482758620689655,SESE_L,87,1
1591,BS605,2007,1,control,No Fire,119,35,0.6,SESE_L,5,0
1593,BS610,2007,0,dolan_chalk,Fire,206,44,0.02631578947368421,SESE_L,38,0
1594,BS610,2009,0,dolan_chalk,Fire,206,44,2.3333333333333335,SESE_L,9,1
1595,BS610,2021,0,dolan_chalk,Fire,206,44,2.0,SESE_L,10,1
1596,BS611,2007,1,dolan_chalk,Fire,378,35,0.30303030303030304,SESE_L,33,0
1597,BS611,2009,1,dolan_chalk,Fire,378,35,1.3571428571428572,SESE_L,14,1
1598,BS611,2010,1,dolan_chalk,Fire,378,35,0.2153846153846154,SESE_L,65,1
1599,BS611,2013,1,dolan_chalk,Fire,378,35,0.125,SESE_L,80,1
1600,BS611,2018,1,dolan_chalk,Fire,378,35,0.2916666666666667,SESE_L,72,1
1601,BS611,2021,1,dolan_chalk,Fire,378,35,18.333333333333332,SESE_L,3,1
1602,BS612,2007,1,dolan_chalk,Fire,415,34,0.48333333333333334,SESE_L,60,0
1603,BS612,2009,1,dolan_chalk,Fire,415,34,5.0,SESE_L,6,1
1604,BS612,2021,1,dolan_chalk,Fire,415,34,3.5555555555555554,SESE_L,9,1
1605,BS613,2007,1,dolan_chalk,Fire,291,40,0.05,SESE_L,20,0
1606,BS613,2009,1,dolan_chalk,Fire,291,40,1.2222222222222223,SESE_L,9,1
1607,BS613,2018,1,dolan_chalk,Fire,291,40,0.07692307692307693,SESE_L,13,1
1608,BS613,2021,1,dolan_chalk,Fire,291,40,0.17647058823529413,SESE_L,17,1
1609,BS620,2007,1,control,No Fire,284,36,0.07692307692307693,SESE_L,13,0
1610,BS621,2007,1,chalk,Fire,218,38,0.5416666666666666,SESE_L,72,0
1611,BS622,2007,1,control,No Fire,55,38,0.06666666666666667,SESE_L,15,0
1612,BS623,2007,1,control,No Fire,341,38,0.6666666666666666,SESE_L,9,0
1613,BS624,2007,0,control,No Fire,435,12,0.24651162790697675,SESE_L,215,0
1614,BS625,2007,1,control,No Fire,302,0,0.8333333333333334,SESE_L,6,0
1615,BS626,2007,0,control,No Fire,357,43,0.948051948051948,SESE_L,77,0
1616,BS627,2007,1,chalk,Fire,119,28,0.0,SESE_L,2,0
1617,BS627,2009,1,chalk,Fire,119,28,1.0,SESE_L,1,1
1619,BS629,2007,1,chalk,Fire,373,30,0.1111111111111111,SESE_L,27,0
1620,BS629,2009,1,chalk,Fire,373,30,0.8333333333333334,SESE_L,18,1
1621,BS629,2018,1,chalk,Fire,373,30,0.11235955056179775,SESE_L,89,1
1622,BS632,2007,0,sober_chalk,Fire,499,19,0.19047619047619047,SESE_L,21,0
1623,BS632,2009,0,sober_chalk,Fire,499,19,1.0,SESE_L,10,1
1624,BS632,2018,0,sober_chalk,Fire,499,19,1.027027027027027,SESE_L,37,1
1625,BS632,2023,0,sober_chalk,Fire,499,19,0.24242424242424243,SESE_L,33,1
1632,BS002,2006,1,control,No Fire,359,33,0.0625,SESE_M,0,0
1633,BS002,2010,1,control,No Fire,359,33,0.1875,SESE_M,0,0
1634,BS002,2013,1,control,No Fire,359,33,0.1111111111111111,SESE_M,1,0
1635,BS002,2018,1,control,No Fire,359,33,0.17647058823529413,SESE_M,0,0
1636,BS002,2022,1,control,No Fire,359,33,0.23076923076923078,SESE_M,0,0
1658,BS027,2006,1,control,No Fire,244,41,0.18181818181818182,SESE_M,0,0
1659,BS027,2009,1,control,No Fire,244,41,0.15384615384615385,SESE_M,0,0
1660,BS027,2010,1,control,No Fire,244,41,0.15384615384615385,SESE_M,0,0
1661,BS027,2013,1,control,No Fire,244,41,0.15384615384615385,SESE_M,0,0
1662,BS027,2018,1,control,No Fire,244,41,0.25,SESE_M,1,0
1663,BS027,2022,1,control,No Fire,244,41,0.25,SESE_M,0,0
1671,BS038,2007,1,dolan,Fire,553,33,0.22580645161290322,SESE_M,0,0
1672,BS038,2021,1,dolan,Fire,553,33,6.666666666666667,SESE_M,16,1
1678,BS045,2007,1,dolan_chalk,Fire,478,39,0.12,SESE_M,0,0
1679,BS045,2009,1,dolan_chalk,Fire,478,39,1.8571428571428572,SESE_M,9,1
1692,BS048,2007,0,dolan_chalk,Fire,475,20,0.1875,SESE_M,0,0
1693,BS048,2009,0,dolan_chalk,Fire,475,20,0.35714285714285715,SESE_M,2,1
1694,BS048,2021,0,dolan_chalk,Fire,475,20,0.0,SESE_M,5,1
1695,BS050,2007,0,dolan_chalk,Fire,670,18,0.12162162162162163,SESE_M,0,0
1696,BS050,2009,0,dolan_chalk,Fire,670,18,0.7450980392156863,SESE_M,5,1
1697,BS050,2021,0,dolan_chalk,Fire,670,18,1.7857142857142858,SESE_M,61,1
1698,BS052,2007,0,dolan_chalk,Fire,541,32,0.24242424242424243,SESE_M,0,0
1699,BS052,2009,0,dolan_chalk,Fire,541,32,3.4,SESE_M,37,1
1700,BS052,2010,0,dolan_chalk,Fire,541,32,3.2222222222222223,SESE_M,41,1
1701,BS052,2013,0,dolan_chalk,Fire,541,32,0.3617021276595745,SESE_M,5,1
1702,BS052,2018,0,dolan_chalk,Fire,541,32,0.26229508196721313,SESE_M,8,1
1703,BS052,2021,0,dolan_chalk,Fire,541,32,5.3,SESE_M,16,1
1704,BS053,2007,1,dolan_chalk,Fire,317,38,0.42857142857142855,SESE_M,0,0
1705,BS053,2009,1,dolan_chalk,Fire,317,38,0.3333333333333333,SESE_M,11,1
1706,BS053,2010,1,dolan_chalk,Fire,317,38,0.06666666666666667,SESE_M,9,1
1707,BS053,2013,1,dolan_chalk,Fire,317,38,0.034482758620689655,SESE_M,1,1
1708,BS053,2018,1,dolan_chalk,Fire,317,38,0.015625,SESE_M,1,1
1709,BS053,2021,1,dolan_chalk,Fire,317,38,5.2,SESE_M,35,1
1718,BS058,2007,0,dolan,Fire,744,25,0.09558823529411764,SESE_M,0,0
1719,BS058,2009,0,dolan,Fire,744,25,0.09375,SESE_M,1,0
1720,BS058,2010,0,dolan,Fire,744,25,0.08383233532934131,SESE_M,3,0
1721,BS058,2013,0,dolan,Fire,744,25,0.15,SESE_M,2,0
1722,BS058,2018,0,dolan,Fire,744,25,0.4122137404580153,SESE_M,2,0
1723,BS058,2021,0,dolan,Fire,744,25,0.9032258064516129,SESE_M,139,1
1724,BS059,2007,0,dolan,Fire,630,40,0.14516129032258066,SESE_M,0,0
1725,BS059,2021,0,dolan,Fire,630,40,0.28688524590163933,SESE_M,35,1
1760,BS081,2006,1,sober,Fire,308,23,0.16216216216216217,SESE_M,0,0
1761,BS081,2018,1,sober,Fire,308,23,0.34782608695652173,SESE_M,14,1
1762,BS081,2023,1,sober,Fire,308,23,0.3235294117647059,SESE_M,2,1
1764,BS084,2006,1,sober,Fire,432,36,0.0,SESE_M,0,0
1765,BS084,2010,1,sober,Fire,432,36,0.17647058823529413,SESE_M,0,0
1766,BS084,2013,1,sober,Fire,432,36,0.16666666666666666,SESE_M,0,0
1767,BS084,2018,1,sober,Fire,432,36,0.19148936170212766,SESE_M,4,1
1768,BS084,2022,1,sober,Fire,432,36,0.09090909090909091,SESE_M,9,1
1774,BS086,2006,1,sober,Fire,578,28,0.0,SESE_M,0,0
1775,BS086,2018,1,sober,Fire,578,28,0.07894736842105263,SESE_M,0,1
1776,BS086,2023,1,sober,Fire,578,28,0.11538461538461539,SESE_M,1,1
1777,BS087,2006,1,control,No Fire,508,27,0.38095238095238093,SESE_M,0,0
1787,BS098,2007,1,sober,Fire,478,39,0.65,SESE_M,0,0
1788,BS098,2018,1,sober,Fire,478,39,0.2903225806451613,SESE_M,16,1
1789,BS098,2023,1,sober,Fire,478,39,0.19047619047619047,SESE_M,2,1
1794,BS118,2006,1,sober,Fire,412,28,0.0,SESE_M,0,0
1799,BS123,2006,1,sober,Fire,293,17,0.0,SESE_M,0,0
1800,BS123,2018,1,sober,Fire,293,17,0.75,SESE_M,2,1
1801,BS123,2023,1,sober,Fire,293,17,0.25,SESE_M,0,1
1802,BS124,2006,1,sober,Fire,353,23,0.0,SESE_M,0,0
1803,BS124,2009,1,sober,Fire,353,23,0.0625,SESE_M,0,0
1804,BS124,2010,1,sober,Fire,353,23,0.0,SESE_M,0,0
1805,BS124,2013,1,sober,Fire,353,23,0.0,SESE_M,0,0
1806,BS124,2018,1,sober,Fire,353,23,0.7,SESE_M,0,1
1807,BS124,2023,1,sober,Fire,353,23,0.1,SESE_M,0,1
1808,BS125,2006,1,control,No Fire,380,20,0.06818181818181818,SESE_M,0,0
1814,BS129,2006,1,control,No Fire,340,25,0.0,SESE_M,0,0
1815,BS130,2006,1,control,No Fire,242,3,0.25,SESE_M,0,0
1816,BS130,2009,1,control,No Fire,242,3,0.3225806451612903,SESE_M,0,0
1817,BS130,2010,1,control,No Fire,242,3,0.25,SESE_M,0,0
1818,BS130,2013,1,control,No Fire,242,3,0.3333333333333333,SESE_M,0,0
1819,BS130,2018,1,control,No Fire,242,3,0.23333333333333334,SESE_M,1,0
1820,BS131,2006,1,control,No Fire,223,25,0.34375,SESE_M,0,0
1821,BS131,2009,1,control,No Fire,223,25,0.43548387096774194,SESE_M,0,0
1822,BS131,2010,1,control,No Fire,223,25,0.45901639344262296,SESE_M,0,0
1823,BS131,2013,1,control,No Fire,223,25,0.4166666666666667,SESE_M,1,0
1824,BS131,2018,1,control,No Fire,223,25,0.43636363636363634,SESE_M,5,0
1832,BS134,2006,1,sober,Fire,513,27,0.1111111111111111,SESE_M,0,0
1833,BS134,2018,1,sober,Fire,513,27,0.16,SESE_M,7,1
1834,BS134,2023,1,sober,Fire,513,27,0.0,SESE_M,4,1
1835,BS135,2006,1,sober,Fire,433,27,0.3064516129032258,SESE_M,0,0
1836,BS137,2006,1,control,No Fire,258,18,0.0,SESE_M,0,0
1840,BS140,2007,1,sober,Fire,293,15,0.0,SESE_M,0,0
1841,BS140,2009,1,sober,Fire,293,15,0.08695652173913043,SESE_M,0,0
1842,BS140,2010,1,sober,Fire,293,15,0.08695652173913043,SESE_M,0,0
1843,BS140,2013,1,sober,Fire,293,15,0.13043478260869565,SESE_M,0,0
1844,BS140,2018,1,sober,Fire,293,15,0.625,SESE_M,3,1
1845,BS140,2022,1,sober,Fire,293,15,0.5384615384615384,SESE_M,3,1
1859,BS147,2006,1,sober,Fire,399,36,0.0,SESE_M,0,0
1860,BS147,2009,1,sober,Fire,399,36,0.14285714285714285,SESE_M,0,0
1861,BS147,2010,1,sober,Fire,399,36,0.14285714285714285,SESE_M,0,0
1862,BS147,2013,1,sober,Fire,399,36,0.14285714285714285,SESE_M,0,0
1863,BS147,2018,1,sober,Fire,399,36,0.05154639175257732,SESE_M,1,1
1864,BS147,2022,1,sober,Fire,399,36,0.25,SESE_M,2,1
1876,BS151,2006,1,sober,Fire,490,10,0.16666666666666666,SESE_M,0,0
1877,BS152,2006,1,sober,Fire,389,18,0.019230769230769232,SESE_M,0,0
1878,BS156,2007,1,sober_chalk,Fire,403,34,0.5333333333333333,SESE_M,0,0
1879,BS156,2009,1,sober_chalk,Fire,403,34,2.0,SESE_M,15,1
1880,BS156,2018,1,sober_chalk,Fire,403,34,1.4912280701754386,SESE_M,7,1
1881,BS157,2007,1,sober_chalk,Fire,325,23,0.20454545454545456,SESE_M,0,0
1892,BS160,2007,0,sober_chalk,Fire,386,38,0.16666666666666666,SESE_M,0,0
1893,BS160,2009,0,sober_chalk,Fire,386,38,0.3333333333333333,SESE_M,1,1
1894,BS160,2010,0,sober_chalk,Fire,386,38,0.1,SESE_M,1,1
1895,BS160,2013,0,sober_chalk,Fire,386,38,0.08620689655172414,SESE_M,0,1
1896,BS160,2018,0,sober_chalk,Fire,386,38,0.5576923076923077,SESE_M,18,1
1897,BS160,2022,0,sober_chalk,Fire,386,38,0.2,SESE_M,20,1
1901,BS165,2007,0,sober_chalk,Fire,287,10,0.0625,SESE_M,0,0
1902,BS165,2009,0,sober_chalk,Fire,287,10,0.5833333333333334,SESE_M,0,1
1903,BS165,2010,0,sober_chalk,Fire,287,10,0.5,SESE_M,0,1
1904,BS165,2013,0,sober_chalk,Fire,287,10,0.4166666666666667,SESE_M,0,1
1905,BS165,2018,0,sober_chalk,Fire,287,10,0.09090909090909091,SESE_M,5,1
1906,BS165,2022,0,sober_chalk,Fire,287,10,0.0,SESE_M,0,1
1907,BS166,2007,0,sober_chalk,Fire,352,25,0.0,SESE_M,0,0
1908,BS166,2009,0,sober_chalk,Fire,352,25,1.0,SESE_M,0,1
1909,BS166,2018,0,sober_chalk,Fire,352,25,0.42857142857142855,SESE_M,7,1
1910,BS166,2023,0,sober_chalk,Fire,352,25,0.125,SESE_M,0,1
1911,BS167,2007,1,sober_chalk,Fire,409,36,0.10526315789473684,SESE_M,0,0
1912,BS168,2007,1,sober_chalk,Fire,317,35,0.0,SESE_M,0,0
1913,BS168,2009,1,sober_chalk,Fire,317,35,0.6,SESE_M,0,1
1914,BS168,2018,1,sober_chalk,Fire,317,35,0.5,SESE_M,4,1
1915,BS168,2023,1,sober_chalk,Fire,317,35,0.0,SESE_M,0,1
1923,BS177,2007,1,sober_chalk,Fire,540,36,0.11764705882352941,SESE_M,0,0
1924,BS186,2006,1,control,No Fire,235,22,0.25,SESE_M,0,0
1925,BS187,2006,1,chalk,Fire,114,16,0.2631578947368421,SESE_M,0,0
1926,BS187,2009,1,chalk,Fire,114,16,1.625,SESE_M,2,1
1927,BS187,2010,1,chalk,Fire,114,16,0.36363636363636365,SESE_M,5,1
1928,BS187,2013,1,chalk,Fire,114,16,0.3541666666666667,SESE_M,3,1
1929,BS187,2018,1,chalk,Fire,114,16,0.38461538461538464,SESE_M,0,1
1930,BS187,2022,1,chalk,Fire,114,16,0.2727272727272727,SESE_M,3,1
1935,BS190,2006,1,chalk,Fire,79,8,0.0,SESE_M,0,0
1936,BS190,2009,1,chalk,Fire,79,8,0.2,SESE_M,0,1
1937,BS190,2018,1,chalk,Fire,79,8,0.3103448275862069,SESE_M,1,1
1940,BS193,2023,1,sober_chalk,Fire,413,27,0.0,SESE_M,0,1
1971,BS207,2006,1,control,No Fire,305,33,0.18888888888888888,SESE_M,0,0
1972,BS210,2007,1,control,No Fire,25,40,0.34375,SESE_M,0,0
1981,BS219,2006,0,chalk,Fire,101,19,0.05405405405405406,SESE_M,0,0
1982,BS219,2009,0,chalk,Fire,101,19,0.95,SESE_M,0,1
1986,BS221,2006,1,sober_chalk,Fire,435,30,0.4,SESE_M,0,0
1988,BS221,2010,1,sober_chalk,Fire,435,30,0.09375,SESE_M,2,1
1989,BS221,2013,1,sober_chalk,Fire,435,30,0.16216216216216217,SESE_M,2,1
1990,BS221,2018,1,sober_chalk,Fire,435,30,0.875,SESE_M,1,1
1991,BS221,2023,1,sober_chalk,Fire,435,30,0.08695652173913043,SESE_M,1,1
1992,BS222,2006,1,sober_chalk,Fire,416,37,0.0,SESE_M,0,0
1993,BS222,2009,1,sober_chalk,Fire,416,37,1.6,SESE_M,3,1
1995,BS224,2007,1,sober_chalk,Fire,435,31,0.0,SESE_M,0,0
1996,BS224,2009,1,sober_chalk,Fire,435,31,1.4,SESE_M,0,1
1997,BS224,2010,1,sober_chalk,Fire,435,31,0.6666666666666666,SESE_M,2,1
1998,BS224,2013,1,sober_chalk,Fire,435,31,0.7142857142857143,SESE_M,0,1
1999,BS224,2018,1,sober_chalk,Fire,435,31,0.8,SESE_M,3,1
2000,BS224,2022,1,sober_chalk,Fire,435,31,0.4,SESE_M,1,1
2001,BS226,2006,1,sober_chalk,Fire,474,38,0.1,SESE_M,0,0
2002,BS226,2009,1,sober_chalk,Fire,474,38,5.333333333333333,SESE_M,5,1
2003,BS226,2018,1,sober_chalk,Fire,474,38,2.103448275862069,SESE_M,61,1
2004,BS226,2023,1,sober_chalk,Fire,474,38,0.45161290322580644,SESE_M,12,1
2005,BS228,2006,1,sober_chalk,Fire,600,40,0.0,SESE_M,0,0
2024,BS239,2006,1,control,No Fire,88,35,0.0,SESE_M,0,0
2025,BS239,2018,1,control,No Fire,88,35,0.21052631578947367,SESE_M,3,0
2026,BS240,2006,1,sober_chalk,Fire,305,39,0.3611111111111111,SESE_M,0,0
2027,BS241,2006,1,sober_chalk,Fire,361,39,0.08333333333333333,SESE_M,0,0
2028,BS241,2023,1,sober_chalk,Fire,361,39,0.1,SESE_M,4,1
2029,BS242,2006,1,sober_chalk,Fire,403,39,0.25,SESE_M,0,0
2030,BS242,2009,1,sober_chalk,Fire,403,39,1.4,SESE_M,2,1
2031,BS242,2010,1,sober_chalk,Fire,403,39,1.2,SESE_M,2,1
2032,BS242,2013,1,sober_chalk,Fire,403,39,1.2,SESE_M,2,1
2033,BS242,2018,1,sober_chalk,Fire,403,39,0.16666666666666666,SESE_M,6,1
2034,BS242,2022,1,sober_chalk,Fire,403,39,0.16666666666666666,SESE_M,0,1
2035,BS243,2006,0,sober_chalk,Fire,423,27,0.46153846153846156,SESE_M,0,0
2036,BS244,2006,0,sober_chalk,Fire,357,35,0.06976744186046512,SESE_M,0,0
2037,BS244,2009,0,sober_chalk,Fire,357,35,0.76,SESE_M,11,1
2038,BS244,2010,0,sober_chalk,Fire,357,35,0.425,SESE_M,13,1
2039,BS244,2013,0,sober_chalk,Fire,357,35,0.18571428571428572,SESE_M,2,1
2040,BS244,2018,0,sober_chalk,Fire,357,35,0.7222222222222222,SESE_M,19,1
2041,BS244,2023,0,sober_chalk,Fire,357,35,0.07894736842105263,SESE_M,2,1
2048,BS247,2006,0,sober_chalk,Fire,570,26,0.3181818181818182,SESE_M,0,0
2049,BS247,2009,0,sober_chalk,Fire,570,26,0.8709677419354839,SESE_M,43,1
2050,BS247,2010,0,sober_chalk,Fire,570,26,0.4811320754716981,SESE_M,49,1
2051,BS247,2013,0,sober_chalk,Fire,570,26,0.1958041958041958,SESE_M,2,1
2052,BS247,2018,0,sober_chalk,Fire,570,26,0.859375,SESE_M,49,1
2053,BS247,2022,0,sober_chalk,Fire,570,26,0.42105263157894735,SESE_M,10,1
2055,BS249,2006,1,sober_chalk,Fire,580,30,0.013071895424836602,SESE_M,0,0
2056,BS249,2009,1,sober_chalk,Fire,580,30,2.806451612903226,SESE_M,59,1
2069,BS260,2006,1,control,No Fire,240,11,0.0,SESE_M,0,0
2071,BS265,2006,0,control,No Fire,200,20,0.10852713178294573,SESE_M,0,0
2072,BS267,2006,1,control,No Fire,160,37,0.14285714285714285,SESE_M,0,0
2091,BS276,2006,1,chalk,Fire,357,22,0.16666666666666666,SESE_M,0,0
2092,BS276,2009,1,chalk,Fire,357,22,2.4285714285714284,SESE_M,4,1
2093,BS276,2023,1,chalk,Fire,357,22,0.2894736842105263,SESE_M,5,1
2094,BS277,2007,1,dolan_chalk,Fire,262,44,0.18181818181818182,SESE_M,0,0
2095,BS277,2009,1,dolan_chalk,Fire,262,44,3.4,SESE_M,2,1
2096,BS277,2021,1,dolan_chalk,Fire,262,44,4.5,SESE_M,18,1
2097,BS278,2006,1,dolan_chalk,Fire,384,41,0.13793103448275862,SESE_M,0,0
2098,BS278,2009,1,dolan_chalk,Fire,384,41,5.0,SESE_M,5,1
2099,BS278,2010,1,dolan_chalk,Fire,384,41,3.8,SESE_M,8,1
2100,BS278,2013,1,dolan_chalk,Fire,384,41,1.7142857142857142,SESE_M,4,1
2101,BS278,2018,1,dolan_chalk,Fire,384,41,0.42857142857142855,SESE_M,11,1
2102,BS278,2021,1,dolan_chalk,Fire,384,41,4.75,SESE_M,5,1
2103,BS279,2006,0,dolan_chalk,Fire,256,15,0.16,SESE_M,0,0
2104,BS279,2009,0,dolan_chalk,Fire,256,15,2.625,SESE_M,8,1
2105,BS279,2021,0,dolan_chalk,Fire,256,15,2.7142857142857144,SESE_M,71,1
2106,BS281,2006,0,dolan,Fire,92,33,0.18487394957983194,SESE_M,0,0
2113,BS283,2006,1,chalk,Fire,606,33,0.08333333333333333,SESE_M,0,0
2114,BS283,2009,1,chalk,Fire,606,33,3.5,SESE_M,4,1
2115,BS283,2010,1,chalk,Fire,606,33,0.1276595744680851,SESE_M,4,1
2116,BS283,2013,1,chalk,Fire,606,33,0.06779661016949153,SESE_M,1,1
2117,BS283,2018,1,chalk,Fire,606,33,0.21428571428571427,SESE_M,9,1
2118,BS283,2022,1,chalk,Fire,606,33,0.023809523809523808,SESE_M,0,1
2124,BS293,2006,1,control,No Fire,287,21,0.0,SESE_M,0,0
2126,BS295,2007,1,dolan,Fire,150,25,0.8461538461538461,SESE_M,0,0
2127,BS295,2009,1,dolan,Fire,150,25,0.8461538461538461,SESE_M,0,0
2128,BS295,2010,1,dolan,Fire,150,25,1.0,SESE_M,0,0
2129,BS295,2013,1,dolan,Fire,150,25,0.9166666666666666,SESE_M,0,0
2130,BS295,2018,1,dolan,Fire,150,25,1.0909090909090908,SESE_M,1,0
2131,BS295,2021,1,dolan,Fire,150,25,0.7,SESE_M,11,1
2132,BS296,2006,0,dolan_chalk,Fire,590,40,0.0,SESE_M,0,0
2133,BS296,2009,0,dolan_chalk,Fire,590,40,0.0,SESE_M,0,1
2134,BS296,2021,0,dolan_chalk,Fire,590,40,0.07017543859649122,SESE_M,0,1
2135,BS297,2006,1,dolan_chalk,Fire,618,30,0.3333333333333333,SESE_M,0,0
2136,BS297,2009,1,dolan_chalk,Fire,618,30,2.0,SESE_M,5,1
2137,BS297,2010,1,dolan_chalk,Fire,618,30,1.6666666666666667,SESE_M,7,1
2138,BS297,2013,1,dolan_chalk,Fire,618,30,0.8333333333333334,SESE_M,0,1
2139,BS297,2018,1,dolan_chalk,Fire,618,30,0.3333333333333333,SESE_M,2,1
2140,BS297,2021,1,dolan_chalk,Fire,618,30,0.6,SESE_M,18,1
2141,BS299,2006,0,dolan_chalk,Fire,199,40,0.09090909090909091,SESE_M,0,0
2142,BS299,2009,0,dolan_chalk,Fire,199,40,0.2,SESE_M,0,1
2143,BS299,2021,0,dolan_chalk,Fire,199,40,1.8571428571428572,SESE_M,2,1
2144,BS301,2006,1,dolan_chalk,Fire,510,27,0.15789473684210525,SESE_M,0,0
2145,BS301,2009,1,dolan_chalk,Fire,510,27,2.8333333333333335,SESE_M,1,1
2146,BS301,2010,1,dolan_chalk,Fire,510,27,1.9444444444444444,SESE_M,3,1
2147,BS301,2013,1,dolan_chalk,Fire,510,27,1.0344827586206897,SESE_M,0,1
2148,BS301,2018,1,dolan_chalk,Fire,510,27,0.30952380952380953,SESE_M,22,1
2149,BS301,2021,1,dolan_chalk,Fire,510,27,2.6363636363636362,SESE_M,20,1
2163,BS309,2006,1,dolan_chalk,Fire,640,17,0.0,SESE_M,0,0
2171,BS313,2006,1,control,No Fire,581,20,0.13157894736842105,SESE_M,0,0
2172,BS313,2010,1,control,No Fire,581,20,0.05660377358490566,SESE_M,3,0
2173,BS313,2013,1,control,No Fire,581,20,0.05084745762711865,SESE_M,0,0
2174,BS313,2018,1,control,No Fire,581,20,0.039473684210526314,SESE_M,0,0
2175,BS313,2022,1,control,No Fire,581,20,0.08333333333333333,SESE_M,0,0
2210,BS338,2006,0,control,No Fire,599,21,0.2916666666666667,SESE_M,0,0
2211,BS355,2007,0,sober_chalk,Fire,470,33,0.1875,SESE_M,0,0
2212,BS355,2009,0,sober_chalk,Fire,470,33,2.2857142857142856,SESE_M,9,1
2213,BS355,2010,0,sober_chalk,Fire,470,33,1.7777777777777777,SESE_M,11,1
2214,BS355,2013,0,sober_chalk,Fire,470,33,0.5333333333333333,SESE_M,3,1
2215,BS355,2018,0,sober_chalk,Fire,470,33,0.7058823529411765,SESE_M,16,1
2216,BS355,2023,0,sober_chalk,Fire,470,33,0.4166666666666667,SESE_M,1,1
2219,BS359,2007,0,sober_chalk,Fire,717,37,0.28,SESE_M,0,0
2220,BS359,2009,0,sober_chalk,Fire,717,37,0.6153846153846154,SESE_M,19,1
2231,BS376,2007,1,control,No Fire,185,38,0.0,SESE_M,0,0
2237,BS382,2006,1,dolan_chalk,Fire,410,39,0.2777777777777778,SESE_M,0,0
2238,BS382,2021,1,dolan_chalk,Fire,410,39,0.7868852459016393,SESE_M,53,1
2247,BS388,2007,1,dolan,Fire,146,24,0.2641509433962264,SESE_M,0,0
2248,BS388,2018,1,dolan,Fire,146,24,0.04838709677419355,SESE_M,11,0
2249,BS388,2021,1,dolan,Fire,146,24,3.3333333333333335,SESE_M,29,1
2250,BS389,2006,0,dolan,Fire,135,38,0.13636363636363635,SESE_M,0,0
2251,BS389,2021,0,dolan,Fire,135,38,4.0,SESE_M,2,1
2252,BS390,2007,1,sober_chalk,Fire,328,27,0.0,SESE_M,0,0
2253,BS390,2009,1,sober_chalk,Fire,328,27,2.0,SESE_M,0,1
2255,BS390,2013,1,sober_chalk,Fire,328,27,1.0,SESE_M,1,1
2257,BS390,2022,1,sober_chalk,Fire,328,27,0.5,SESE_M,0,1
2258,BS391,2007,1,dolan,Fire,203,35,0.07142857142857142,SESE_M,0,0
2259,BS391,2010,1,dolan,Fire,203,35,0.08653846153846154,SESE_M,16,0
2260,BS391,2013,1,dolan,Fire,203,35,0.08737864077669903,SESE_M,1,0
2261,BS391,2018,1,dolan,Fire,203,35,0.12,SESE_M,3,0
2262,BS391,2021,1,dolan,Fire,203,35,16.5,SESE_M,39,1
2263,BS392,2007,1,dolan,Fire,294,29,0.11627906976744186,SESE_M,0,0
2264,BS392,2009,1,dolan,Fire,294,29,0.25142857142857145,SESE_M,5,0
2265,BS392,2010,1,dolan,Fire,294,29,0.2542372881355932,SESE_M,5,0
2266,BS392,2013,1,dolan,Fire,294,29,0.20555555555555555,SESE_M,6,0
2267,BS392,2018,1,dolan,Fire,294,29,0.26666666666666666,SESE_M,4,0
2268,BS392,2021,1,dolan,Fire,294,29,6.0,SESE_M,143,1
2271,BS394,2006,1,dolan,Fire,382,30,0.03896103896103896,SESE_M,0,0
2272,BS394,2016,1,dolan,Fire,382,30,0.2923076923076923,SESE_M,24,0
2273,BS394,2018,1,dolan,Fire,382,30,0.3888888888888889,SESE_M,13,0
2274,BS394,2021,1,dolan,Fire,382,30,3.1666666666666665,SESE_M,27,1
2278,BS407,2006,1,dolan,Fire,680,24,0.18181818181818182,SESE_M,0,0
2279,BS407,2009,1,dolan,Fire,680,24,0.22,SESE_M,2,0
2280,BS407,2010,1,dolan,Fire,680,24,0.20408163265306123,SESE_M,6,0
2281,BS407,2013,1,dolan,Fire,680,24,0.1509433962264151,SESE_M,1,0
2282,BS407,2018,1,dolan,Fire,680,24,0.14516129032258066,SESE_M,4,0
2283,BS407,2021,1,dolan,Fire,680,24,3.230769230769231,SESE_M,20,1
2286,BS412,2006,1,control,No Fire,209,35,0.75,SESE_M,0,0
2287,BS412,2009,1,control,No Fire,209,35,0.5833333333333334,SESE_M,1,0
2288,BS412,2010,1,control,No Fire,209,35,0.40350877192982454,SESE_M,0,0
2289,BS412,2013,1,control,No Fire,209,35,0.24615384615384617,SESE_M,1,0
2290,BS412,2018,1,control,No Fire,209,35,0.12359550561797752,SESE_M,8,0
2291,BS412,2022,1,control,No Fire,209,35,0.11428571428571428,SESE_M,0,0
2298,BS416,2007,0,dolan,Fire,580,42,0.24074074074074073,SESE_M,0,0
2299,BS416,2010,0,dolan,Fire,580,42,0.22972972972972974,SESE_M,1,0
2300,BS416,2013,0,dolan,Fire,580,42,0.12658227848101267,SESE_M,3,0
2301,BS416,2018,0,dolan,Fire,580,42,0.09782608695652174,SESE_M,9,0
2302,BS416,2021,0,dolan,Fire,580,42,2.9473684210526314,SESE_M,25,1
2303,BS420,2007,0,dolan_chalk,Fire,554,31,0.7407407407407407,SESE_M,0,0
2304,BS420,2009,0,dolan_chalk,Fire,554,31,0.8823529411764706,SESE_M,18,1
2305,BS420,2021,0,dolan_chalk,Fire,554,31,1.75,SESE_M,16,1
2306,BS423,2006,0,dolan_chalk,Fire,106,41,0.08888888888888889,SESE_M,0,0
2307,BS423,2009,0,dolan_chalk,Fire,106,41,0.7083333333333334,SESE_M,5,1
2308,BS423,2021,0,dolan_chalk,Fire,106,41,1.6111111111111112,SESE_M,18,1
2310,BS426,2006,0,dolan_chalk,Fire,226,34,0.14285714285714285,SESE_M,0,0
2311,BS426,2009,0,dolan_chalk,Fire,226,34,1.25,SESE_M,0,1
2312,BS426,2010,0,dolan_chalk,Fire,226,34,0.5882352941176471,SESE_M,0,1
2313,BS426,2013,0,dolan_chalk,Fire,226,34,0.21212121212121213,SESE_M,3,1
2314,BS426,2018,0,dolan_chalk,Fire,226,34,0.13513513513513514,SESE_M,4,1
2315,BS426,2021,0,dolan_chalk,Fire,226,34,3.875,SESE_M,2,1
2319,BS429,2007,1,sober,Fire,351,35,0.0,SESE_M,0,0
2320,BS429,2009,1,sober,Fire,351,35,0.0,SESE_M,0,0
2321,BS429,2010,1,sober,Fire,351,35,0.0,SESE_M,0,0
2322,BS429,2013,1,sober,Fire,351,35,0.0,SESE_M,0,0
2323,BS429,2018,1,sober,Fire,351,35,0.6666666666666666,SESE_M,0,1
2324,BS429,2022,1,sober,Fire,351,35,0.0,SESE_M,0,1
2327,BS433,2007,1,sober_chalk,Fire,350,34,0.2222222222222222,SESE_M,0,0
2328,BS433,2009,1,sober_chalk,Fire,350,34,0.6666666666666666,SESE_M,5,1
2329,BS433,2010,1,sober_chalk,Fire,350,34,0.6666666666666666,SESE_M,5,1
2330,BS433,2013,1,sober_chalk,Fire,350,34,0.3333333333333333,SESE_M,0,1
2331,BS433,2018,1,sober_chalk,Fire,350,34,0.25,SESE_M,1,1
2332,BS433,2022,1,sober_chalk,Fire,350,34,0.3333333333333333,SESE_M,0,1
2341,BS457,2007,1,chalk,Fire,443,34,0.35294117647058826,SESE_M,0,0
2342,BS457,2009,1,chalk,Fire,443,34,1.3333333333333333,SESE_M,9,1
2343,BS457,2010,1,chalk,Fire,443,34,1.3333333333333333,SESE_M,9,1
2344,BS457,2013,1,chalk,Fire,443,34,0.6666666666666666,SESE_M,0,1
2345,BS457,2018,1,chalk,Fire,443,34,0.14285714285714285,SESE_M,3,1
2346,BS457,2022,1,chalk,Fire,443,34,0.09090909090909091,SESE_M,2,1
2355,BS469,2007,1,sober,Fire,543,35,0.14285714285714285,SESE_M,0,0
2357,BS474,2006,0,dolan_chalk,Fire,289,41,0.13043478260869565,SESE_M,0,0
2358,BS474,2021,0,dolan_chalk,Fire,289,41,0.7407407407407407,SESE_M,23,1
2362,BS494,2007,1,control,No Fire,442,32,0.8181818181818182,SESE_M,0,0
2363,BS494,2010,1,control,No Fire,442,32,0.6666666666666666,SESE_M,0,0
2364,BS494,2013,1,control,No Fire,442,32,0.46153846153846156,SESE_M,0,0
2365,BS494,2018,1,control,No Fire,442,32,0.2,SESE_M,3,0
2366,BS494,2022,1,control,No Fire,442,32,0.11764705882352941,SESE_M,0,0
2374,BS513,2006,1,dolan,Fire,310,33,0.0,SESE_M,0,0
2375,BS513,2009,1,dolan,Fire,310,33,0.0,SESE_M,0,0
2376,BS513,2011,1,dolan,Fire,310,33,0.0,SESE_M,0,0
2377,BS513,2014,1,dolan,Fire,310,33,0.0,SESE_M,0,0
2378,BS513,2019,1,dolan,Fire,310,33,0.3333333333333333,SESE_M,0,0
2390,BS600,2007,1,sober,Fire,549,32,0.6,SESE_M,0,0
2391,BS600,2018,1,sober,Fire,549,32,0.6666666666666666,SESE_M,7,1
2392,BS600,2023,1,sober,Fire,549,32,0.2222222222222222,SESE_M,0,1
2393,BS601,2007,1,sober,Fire,603,25,0.15384615384615385,SESE_M,0,0
2394,BS601,2009,1,sober,Fire,603,25,0.15384615384615385,SESE_M,0,0
2395,BS601,2010,1,sober,Fire,603,25,0.15384615384615385,SESE_M,0,0
2396,BS601,2013,1,sober,Fire,603,25,0.08333333333333333,SESE_M,0,0
2397,BS601,2018,1,sober,Fire,603,25,0.1320754716981132,SESE_M,5,1
2398,BS601,2022,1,sober,Fire,603,25,0.1724137931034483,SESE_M,1,1
2399,BS603,2007,1,sober,Fire,491,31,0.0,SESE_M,0,0
2400,BS603,2009,1,sober,Fire,491,31,0.1111111111111111,SESE_M,0,0
2401,BS603,2010,1,sober,Fire,491,31,0.0,SESE_M,0,0
2402,BS603,2013,1,sober,Fire,491,31,0.0,SESE_M,0,0
2403,BS603,2018,1,sober,Fire,491,31,0.10526315789473684,SESE_M,5,1
2404,BS603,2022,1,sober,Fire,491,31,0.1,SESE_M,5,1
2405,BS604,2007,1,sober,Fire,550,33,0.21739130434782608,SESE_M,0,0
2406,BS604,2018,1,sober,Fire,550,33,0.034482758620689655,SESE_M,20,1
2407,BS605,2007,1,control,No Fire,119,35,0.6,SESE_M,0,0
2409,BS610,2007,0,dolan_chalk,Fire,206,44,0.02631578947368421,SESE_M,0,0
2410,BS610,2009,0,dolan_chalk,Fire,206,44,2.3333333333333335,SESE_M,2,1
2411,BS610,2021,0,dolan_chalk,Fire,206,44,2.0,SESE_M,25,1
2412,BS611,2007,1,dolan_chalk,Fire,378,35,0.30303030303030304,SESE_M,0,0
2413,BS611,2009,1,dolan_chalk,Fire,378,35,1.3571428571428572,SESE_M,17,1
2414,BS611,2010,1,dolan_chalk,Fire,378,35,0.2153846153846154,SESE_M,20,1
2415,BS611,2013,1,dolan_chalk,Fire,378,35,0.125,SESE_M,1,1
2416,BS611,2018,1,dolan_chalk,Fire,378,35,0.2916666666666667,SESE_M,14,1
2417,BS611,2021,1,dolan_chalk,Fire,378,35,18.333333333333332,SESE_M,26,1
2418,BS612,2007,1,dolan_chalk,Fire,415,34,0.48333333333333334,SESE_M,0,0
2419,BS612,2009,1,dolan_chalk,Fire,415,34,5.0,SESE_M,48,1
2420,BS612,2021,1,dolan_chalk,Fire,415,34,3.5555555555555554,SESE_M,34,1
2421,BS613,2007,1,dolan_chalk,Fire,291,40,0.05,SESE_M,0,0
2422,BS613,2009,1,dolan_chalk,Fire,291,40,1.2222222222222223,SESE_M,1,1
2423,BS613,2018,1,dolan_chalk,Fire,291,40,0.07692307692307693,SESE_M,1,1
2424,BS613,2021,1,dolan_chalk,Fire,291,40,0.17647058823529413,SESE_M,1,1
2425,BS620,2007,1,control,No Fire,284,36,0.07692307692307693,SESE_M,0,0
2426,BS621,2007,1,chalk,Fire,218,38,0.5416666666666666,SESE_M,0,0
2427,BS622,2007,1,control,No Fire,55,38,0.06666666666666667,SESE_M,0,0
2428,BS623,2007,1,control,No Fire,341,38,0.6666666666666666,SESE_M,0,0
2429,BS624,2007,0,control,No Fire,435,12,0.24651162790697675,SESE_M,0,0
2430,BS625,2007,1,control,No Fire,302,0,0.8333333333333334,SESE_M,0,0
2431,BS626,2007,0,control,No Fire,357,43,0.948051948051948,SESE_M,0,0
2432,BS627,2007,1,chalk,Fire,119,28,0.0,SESE_M,0,0
2433,BS627,2009,1,chalk,Fire,119,28,1.0,SESE_M,0,1
2435,BS629,2007,1,chalk,Fire,373,30,0.1111111111111111,SESE_M,0,0
2436,BS629,2009,1,chalk,Fire,373,30,0.8333333333333334,SESE_M,2,1
2437,BS629,2018,1,chalk,Fire,373,30,0.11235955056179775,SESE_M,7,1
2438,BS632,2007,0,sober_chalk,Fire,499,19,0.19047619047619047,SESE_M,0,0
2439,BS632,2009,0,sober_chalk,Fire,499,19,1.0,SESE_M,3,1
2440,BS632,2018,0,sober_chalk,Fire,499,19,1.027027027027027,SESE_M,10,1
2441,BS632,2023,0,sober_chalk,Fire,499,19,0.24242424242424243,SESE_M,6,1
